model,serve_id,node,gpu_ids,cycle_idx,direction,cold,t_api_start,t_api_return,t_log_marker,t_ready,dur_api_s,dur_engine_s,dur_e2e_s,mem_before_mb,mem_after_mb,inflight_load,inflight_total,inflight_errors,inflight_p99_ms
dsllama-8b,dsllama-8b-nscc-ds-4a100-node9-gpu-1-5cb98fdbb6-mr5b7,nscc-ds-4a100-node9,1,1,sleep,True,2026-07-10T09:08:54.381266Z,2026-07-10T09:08:55.602729Z,2026-07-10T09:08:55.406693Z,2026-07-10T09:08:55.607323Z,1.221462,1.081203,1.226057,37932,4070,False,0,0,
dsllama-8b,dsllama-8b-nscc-ds-4a100-node9-gpu-1-5cb98fdbb6-mr5b7,nscc-ds-4a100-node9,1,1,wake,True,2026-07-10T09:08:56.913892Z,2026-07-10T09:08:57.622328Z,2026-07-10T09:08:57.475829Z,2026-07-10T09:08:57.647714Z,0.708436,0.625705,0.733822,4070,37932,False,0,0,
dsllama-8b,dsllama-8b-nscc-ds-4a100-node9-gpu-1-5cb98fdbb6-mr5b7,nscc-ds-4a100-node9,1,2,sleep,False,2026-07-10T09:08:58.957196Z,2026-07-10T09:09:00.025971Z,2026-07-10T09:08:59.877616Z,2026-07-10T09:09:00.032063Z,1.068776,0.982058,1.074868,37932,4070,False,0,0,
dsllama-8b,dsllama-8b-nscc-ds-4a100-node9-gpu-1-5cb98fdbb6-mr5b7,nscc-ds-4a100-node9,1,2,wake,False,2026-07-10T09:09:01.338688Z,2026-07-10T09:09:02.045421Z,2026-07-10T09:09:01.899620Z,2026-07-10T09:09:02.069862Z,0.706733,0.626299,0.731174,4070,37932,False,0,0,
dsllama-8b,dsllama-8b-nscc-ds-4a100-node9-gpu-1-5cb98fdbb6-mr5b7,nscc-ds-4a100-node9,1,3,sleep,False,2026-07-10T09:09:03.373628Z,2026-07-10T09:09:04.443159Z,2026-07-10T09:09:04.300663Z,2026-07-10T09:09:04.448504Z,1.069531,0.992183,1.074876,36752,4070,False,0,0,
dsllama-8b,dsllama-8b-nscc-ds-4a100-node9-gpu-1-5cb98fdbb6-mr5b7,nscc-ds-4a100-node9,1,3,wake,False,2026-07-10T09:09:05.748019Z,2026-07-10T09:09:06.448903Z,2026-07-10T09:09:06.308310Z,2026-07-10T09:09:06.473919Z,0.700884,0.626509,0.7259,4070,37932,False,0,0,
dsllama-8b,dsllama-8b-nscc-ds-4a100-node9-gpu-1-5cb98fdbb6-mr5b7,nscc-ds-4a100-node9,1,4,sleep,False,2026-07-10T09:09:07.783047Z,2026-07-10T09:09:08.879665Z,2026-07-10T09:09:08.734767Z,2026-07-10T09:09:08.884593Z,1.096617,1.018696,1.101546,37932,4070,False,0,0,
dsllama-8b,dsllama-8b-nscc-ds-4a100-node9-gpu-1-5cb98fdbb6-mr5b7,nscc-ds-4a100-node9,1,4,wake,False,2026-07-10T09:09:10.181880Z,2026-07-10T09:09:10.886762Z,2026-07-10T09:09:10.742764Z,2026-07-10T09:09:10.921001Z,0.704882,0.631239,0.739122,4070,37932,False,0,0,
dsllama-8b,dsllama-8b-nscc-ds-4a100-node9-gpu-1-5cb98fdbb6-mr5b7,nscc-ds-4a100-node9,1,5,sleep,False,2026-07-10T09:09:12.217915Z,2026-07-10T09:09:13.316070Z,2026-07-10T09:09:13.171805Z,2026-07-10T09:09:13.321571Z,1.098155,1.027248,1.103656,37932,4070,False,0,0,
dsllama-8b,dsllama-8b-nscc-ds-4a100-node9-gpu-1-5cb98fdbb6-mr5b7,nscc-ds-4a100-node9,1,5,wake,False,2026-07-10T09:09:14.629864Z,2026-07-10T09:09:15.373903Z,2026-07-10T09:09:15.224413Z,2026-07-10T09:09:15.399727Z,0.744039,0.657765,0.769862,4070,37932,False,0,0,
dsllama-8b,dsllama-8b-nscc-ds-4a100-node9-gpu-1-5cb98fdbb6-mr5b7,nscc-ds-4a100-node9,1,6,sleep,False,2026-07-10T09:09:16.712988Z,2026-07-10T09:09:17.804849Z,2026-07-10T09:09:17.661448Z,2026-07-10T09:09:17.809897Z,1.091861,1.016371,1.096909,37932,4070,False,0,0,
dsllama-8b,dsllama-8b-nscc-ds-4a100-node9-gpu-1-5cb98fdbb6-mr5b7,nscc-ds-4a100-node9,1,6,wake,False,2026-07-10T09:09:19.111465Z,2026-07-10T09:09:19.863981Z,2026-07-10T09:09:19.725865Z,2026-07-10T09:09:19.898112Z,0.752516,0.62567,0.786648,4070,37932,False,0,0,
dsllama-8b,dsllama-8b-nscc-ds-4a100-node9-gpu-1-5cb98fdbb6-mr5b7,nscc-ds-4a100-node9,1,7,sleep,False,2026-07-10T09:09:21.215936Z,2026-07-10T09:09:22.320250Z,2026-07-10T09:09:22.181715Z,2026-07-10T09:09:22.325357Z,1.104315,1.037528,1.109421,37932,4070,False,0,0,
dsllama-8b,dsllama-8b-nscc-ds-4a100-node9-gpu-1-5cb98fdbb6-mr5b7,nscc-ds-4a100-node9,1,7,wake,False,2026-07-10T09:09:23.621898Z,2026-07-10T09:09:24.333182Z,2026-07-10T09:09:24.184429Z,2026-07-10T09:09:24.358291Z,0.711284,0.627531,0.736393,4070,37932,False,0,0,
dsllama-8b,dsllama-8b-nscc-ds-4a100-node9-gpu-1-5cb98fdbb6-mr5b7,nscc-ds-4a100-node9,1,8,sleep,False,2026-07-10T09:09:25.674383Z,2026-07-10T09:09:26.757525Z,2026-07-10T09:09:26.618440Z,2026-07-10T09:09:26.773853Z,1.083142,1.008137,1.09947,37932,4070,False,0,0,
dsllama-8b,dsllama-8b-nscc-ds-4a100-node9-gpu-1-5cb98fdbb6-mr5b7,nscc-ds-4a100-node9,1,8,wake,False,2026-07-10T09:09:28.070259Z,2026-07-10T09:09:28.754259Z,2026-07-10T09:09:28.609935Z,2026-07-10T09:09:28.779139Z,0.684,0.625379,0.708879,4070,37932,False,0,0,
dsllama-8b,dsllama-8b-nscc-ds-4a100-node9-gpu-1-5cb98fdbb6-mr5b7,nscc-ds-4a100-node9,1,9,sleep,False,2026-07-10T09:09:30.094957Z,2026-07-10T09:09:31.163846Z,2026-07-10T09:09:31.025194Z,2026-07-10T09:09:31.168143Z,1.068888,0.9887,1.073186,37932,4070,False,0,0,
dsllama-8b,dsllama-8b-nscc-ds-4a100-node9-gpu-1-5cb98fdbb6-mr5b7,nscc-ds-4a100-node9,1,9,wake,False,2026-07-10T09:09:32.469906Z,2026-07-10T09:09:33.166835Z,2026-07-10T09:09:33.025565Z,2026-07-10T09:09:33.197314Z,0.696929,0.624763,0.727408,4070,37932,False,0,0,
dsllama-8b,dsllama-8b-nscc-ds-4a100-node9-gpu-1-5cb98fdbb6-mr5b7,nscc-ds-4a100-node9,1,10,sleep,False,2026-07-10T09:09:34.513869Z,2026-07-10T09:09:35.554848Z,2026-07-10T09:09:35.414170Z,2026-07-10T09:09:35.568000Z,1.040979,0.987006,1.05413,37932,4070,False,0,0,
dsllama-8b,dsllama-8b-nscc-ds-4a100-node9-gpu-1-5cb98fdbb6-mr5b7,nscc-ds-4a100-node9,1,10,wake,False,2026-07-10T09:09:36.873848Z,2026-07-10T09:09:37.553789Z,2026-07-10T09:09:37.414803Z,2026-07-10T09:09:37.584150Z,0.679941,0.625943,0.710301,4070,37932,False,0,0,
dsllama-8b,dsllama-8b-nscc-ds-4a100-node9-gpu-1-5cb98fdbb6-mr5b7,nscc-ds-4a100-node9,1,11,sleep,False,2026-07-10T09:09:38.897034Z,2026-07-10T09:09:39.963619Z,2026-07-10T09:09:39.818765Z,2026-07-10T09:09:39.968880Z,1.066584,1.004911,1.071846,37932,4070,False,0,0,
dsllama-8b,dsllama-8b-nscc-ds-4a100-node9-gpu-1-5cb98fdbb6-mr5b7,nscc-ds-4a100-node9,1,11,wake,False,2026-07-10T09:09:41.273896Z,2026-07-10T09:09:41.961373Z,2026-07-10T09:09:41.820066Z,2026-07-10T09:09:41.989651Z,0.687477,0.632752,0.715755,4070,37932,False,0,0,
dsllama-8b,dsllama-8b-nscc-ds-4a100-node9-gpu-1-5cb98fdbb6-mr5b7,nscc-ds-4a100-node9,1,12,sleep,False,2026-07-10T09:09:43.299173Z,2026-07-10T09:09:44.384526Z,2026-07-10T09:09:44.243454Z,2026-07-10T09:09:44.390450Z,1.085353,0.998697,1.091277,37932,4070,False,0,0,
dsllama-8b,dsllama-8b-nscc-ds-4a100-node9-gpu-1-5cb98fdbb6-mr5b7,nscc-ds-4a100-node9,1,12,wake,False,2026-07-10T09:09:45.690910Z,2026-07-10T09:09:46.393202Z,2026-07-10T09:09:46.249374Z,2026-07-10T09:09:46.423651Z,0.702292,0.624642,0.732741,4070,37932,False,0,0,
dsllama-8b,dsllama-8b-nscc-ds-4a100-node9-gpu-1-5cb98fdbb6-mr5b7,nscc-ds-4a100-node9,1,13,sleep,False,2026-07-10T09:09:47.720515Z,2026-07-10T09:09:48.784426Z,2026-07-10T09:09:48.641778Z,2026-07-10T09:09:48.789552Z,1.063911,0.998047,1.069037,37932,4070,False,0,0,
dsllama-8b,dsllama-8b-nscc-ds-4a100-node9-gpu-1-5cb98fdbb6-mr5b7,nscc-ds-4a100-node9,1,13,wake,False,2026-07-10T09:09:50.097616Z,2026-07-10T09:09:50.816616Z,2026-07-10T09:09:50.667531Z,2026-07-10T09:09:50.843679Z,0.719,0.626328,0.746063,4070,37932,False,0,0,
dsllama-8b,dsllama-8b-nscc-ds-4a100-node9-gpu-1-5cb98fdbb6-mr5b7,nscc-ds-4a100-node9,1,14,sleep,False,2026-07-10T09:09:52.143765Z,2026-07-10T09:09:53.204823Z,2026-07-10T09:09:53.060703Z,2026-07-10T09:09:53.210064Z,1.061058,0.987567,1.066299,37932,4070,False,0,0,
dsllama-8b,dsllama-8b-nscc-ds-4a100-node9-gpu-1-5cb98fdbb6-mr5b7,nscc-ds-4a100-node9,1,14,wake,False,2026-07-10T09:09:54.525284Z,2026-07-10T09:09:55.211815Z,2026-07-10T09:09:55.066587Z,2026-07-10T09:09:55.236326Z,0.686531,0.633937,0.711041,4070,37932,False,0,0,
dsllama-8b,dsllama-8b-nscc-ds-4a100-node9-gpu-1-5cb98fdbb6-mr5b7,nscc-ds-4a100-node9,1,15,sleep,False,2026-07-10T09:09:56.553911Z,2026-07-10T09:09:57.599072Z,2026-07-10T09:09:57.463027Z,2026-07-10T09:09:57.602901Z,1.045161,0.98986,1.04899,37932,4070,False,0,0,
dsllama-8b,dsllama-8b-nscc-ds-4a100-node9-gpu-1-5cb98fdbb6-mr5b7,nscc-ds-4a100-node9,1,15,wake,False,2026-07-10T09:09:58.912833Z,2026-07-10T09:09:59.588272Z,2026-07-10T09:09:59.449233Z,2026-07-10T09:09:59.622767Z,0.675439,0.625283,0.709934,4070,37932,False,0,0,
dsllama-8b,dsllama-8b-nscc-ds-4a100-node9-gpu-1-5cb98fdbb6-mr5b7,nscc-ds-4a100-node9,1,16,sleep,False,2026-07-10T09:10:00.924504Z,2026-07-10T09:10:02.023962Z,2026-07-10T09:10:01.878465Z,2026-07-10T09:10:02.028610Z,1.099459,1.014905,1.104107,37932,4070,False,0,0,
dsllama-8b,dsllama-8b-nscc-ds-4a100-node9-gpu-1-5cb98fdbb6-mr5b7,nscc-ds-4a100-node9,1,16,wake,False,2026-07-10T09:10:03.329862Z,2026-07-10T09:10:04.038002Z,2026-07-10T09:10:03.896837Z,2026-07-10T09:10:04.068003Z,0.70814,0.625927,0.738141,4070,37932,False,0,0,
dsllama-8b,dsllama-8b-nscc-ds-4a100-node9-gpu-1-5cb98fdbb6-mr5b7,nscc-ds-4a100-node9,1,17,sleep,False,2026-07-10T09:10:05.384005Z,2026-07-10T09:10:06.468138Z,2026-07-10T09:10:06.325268Z,2026-07-10T09:10:06.473783Z,1.084133,0.990994,1.089779,37932,4070,False,0,0,
dsllama-8b,dsllama-8b-nscc-ds-4a100-node9-gpu-1-5cb98fdbb6-mr5b7,nscc-ds-4a100-node9,1,17,wake,False,2026-07-10T09:10:07.781867Z,2026-07-10T09:10:08.463432Z,2026-07-10T09:10:08.320441Z,2026-07-10T09:10:08.488887Z,0.681565,0.625332,0.70702,4070,37932,False,0,0,
dsllama-8b,dsllama-8b-nscc-ds-4a100-node9-gpu-1-5cb98fdbb6-mr5b7,nscc-ds-4a100-node9,1,18,sleep,False,2026-07-10T09:10:09.785914Z,2026-07-10T09:10:10.885938Z,2026-07-10T09:10:10.745929Z,2026-07-10T09:10:10.891832Z,1.100024,1.006449,1.105918,37932,4070,False,0,0,
dsllama-8b,dsllama-8b-nscc-ds-4a100-node9-gpu-1-5cb98fdbb6-mr5b7,nscc-ds-4a100-node9,1,18,wake,False,2026-07-10T09:10:12.194181Z,2026-07-10T09:10:12.893907Z,2026-07-10T09:10:12.748613Z,2026-07-10T09:10:12.922865Z,0.699726,0.624941,0.728684,4070,37932,False,0,0,
dsllama-8b,dsllama-8b-nscc-ds-4a100-node9-gpu-1-5cb98fdbb6-mr5b7,nscc-ds-4a100-node9,1,19,sleep,False,2026-07-10T09:10:14.237570Z,2026-07-10T09:10:15.325201Z,2026-07-10T09:10:15.180610Z,2026-07-10T09:10:15.329248Z,1.087631,1.004639,1.091678,37932,4070,False,0,0,
dsllama-8b,dsllama-8b-nscc-ds-4a100-node9-gpu-1-5cb98fdbb6-mr5b7,nscc-ds-4a100-node9,1,19,wake,False,2026-07-10T09:10:16.645891Z,2026-07-10T09:10:17.339382Z,2026-07-10T09:10:17.198272Z,2026-07-10T09:10:17.381885Z,0.693491,0.62528,0.735993,4070,37932,False,0,0,
dsllama-8b,dsllama-8b-nscc-ds-4a100-node9-gpu-1-5cb98fdbb6-mr5b7,nscc-ds-4a100-node9,1,20,sleep,False,2026-07-10T09:10:18.685865Z,2026-07-10T09:10:19.762360Z,2026-07-10T09:10:19.622500Z,2026-07-10T09:10:19.766414Z,1.076495,0.995069,1.080549,37932,4070,False,0,0,
dsllama-8b,dsllama-8b-nscc-ds-4a100-node9-gpu-1-5cb98fdbb6-mr5b7,nscc-ds-4a100-node9,1,20,wake,False,2026-07-10T09:10:21.058558Z,2026-07-10T09:10:21.766607Z,2026-07-10T09:10:21.615916Z,2026-07-10T09:10:21.798541Z,0.708049,0.625821,0.739984,4070,37932,False,0,0,
dsllama-8b,dsllama-8b-nscc-ds-4a100-node9-gpu-1-5cb98fdbb6-mr5b7,nscc-ds-4a100-node9,1,21,sleep,False,2026-07-10T09:10:53.217877Z,2026-07-10T09:10:54.338222Z,2026-07-10T09:10:54.193688Z,2026-07-10T09:10:54.349399Z,1.120344,1.0379,1.131522,37932,4070,True,130,4,2242.181
dsllama-8b,dsllama-8b-nscc-ds-4a100-node9-gpu-1-5cb98fdbb6-mr5b7,nscc-ds-4a100-node9,1,21,wake,False,2026-07-10T09:10:55.665897Z,2026-07-10T09:10:56.356897Z,2026-07-10T09:10:56.212300Z,2026-07-10T09:10:56.383030Z,0.691,0.626861,0.717134,4070,37932,True,130,4,2242.181
dsllama-8b,dsllama-8b-nscc-ds-4a100-node9-gpu-1-5cb98fdbb6-mr5b7,nscc-ds-4a100-node9,1,22,sleep,False,2026-07-10T09:11:57.892599Z,2026-07-10T09:11:59.051786Z,2026-07-10T09:11:58.906163Z,2026-07-10T09:11:59.062957Z,1.159187,1.065046,1.170358,37932,4070,True,130,4,2280.923
dsllama-8b,dsllama-8b-nscc-ds-4a100-node9-gpu-1-5cb98fdbb6-mr5b7,nscc-ds-4a100-node9,1,22,wake,False,2026-07-10T09:12:00.366737Z,2026-07-10T09:12:01.071733Z,2026-07-10T09:12:00.931031Z,2026-07-10T09:12:01.094312Z,0.704996,0.6264,0.727575,4070,37932,True,130,4,2280.923
dsllama-8b,dsllama-8b-nscc-ds-4a100-node9-gpu-1-5cb98fdbb6-mr5b7,nscc-ds-4a100-node9,1,23,sleep,False,2026-07-10T09:13:02.589875Z,2026-07-10T09:13:03.726607Z,2026-07-10T09:13:03.580307Z,2026-07-10T09:13:03.731406Z,1.136732,1.059579,1.141531,37932,4070,True,130,4,2284.918
dsllama-8b,dsllama-8b-nscc-ds-4a100-node9-gpu-1-5cb98fdbb6-mr5b7,nscc-ds-4a100-node9,1,23,wake,False,2026-07-10T09:13:05.060804Z,2026-07-10T09:13:05.777736Z,2026-07-10T09:13:05.629425Z,2026-07-10T09:13:05.802311Z,0.716933,0.632269,0.741507,4070,37932,True,130,4,2284.918
dsllama-8b,dsllama-8b-nscc-ds-4a100-node9-gpu-1-5cb98fdbb6-mr5b7,nscc-ds-4a100-node9,1,24,sleep,False,2026-07-10T09:14:07.214008Z,2026-07-10T09:14:08.355415Z,2026-07-10T09:14:08.211686Z,2026-07-10T09:14:08.360669Z,1.141407,1.060841,1.146661,37932,4070,True,130,4,2178.521
dsllama-8b,dsllama-8b-nscc-ds-4a100-node9-gpu-1-5cb98fdbb6-mr5b7,nscc-ds-4a100-node9,1,24,wake,False,2026-07-10T09:14:09.685666Z,2026-07-10T09:14:10.390887Z,2026-07-10T09:14:10.246995Z,2026-07-10T09:14:10.416114Z,0.705221,0.626036,0.730449,4070,37932,True,130,4,2178.521
dsllama-8b,dsllama-8b-nscc-ds-4a100-node9-gpu-1-5cb98fdbb6-mr5b7,nscc-ds-4a100-node9,1,25,sleep,False,2026-07-10T09:15:11.943233Z,2026-07-10T09:15:13.070631Z,2026-07-10T09:15:12.929759Z,2026-07-10T09:15:13.075290Z,1.127398,1.061779,1.132057,37932,4070,True,130,4,2255.752
dsllama-8b,dsllama-8b-nscc-ds-4a100-node9-gpu-1-5cb98fdbb6-mr5b7,nscc-ds-4a100-node9,1,25,wake,False,2026-07-10T09:15:14.381406Z,2026-07-10T09:15:15.106623Z,2026-07-10T09:15:14.961081Z,2026-07-10T09:15:15.130846Z,0.725217,0.655987,0.749439,4070,37932,True,130,4,2255.752
dsqwen-7b,dsqwen-7b-nscc-ds-4a100-node9-gpu-0-546d5d9f88-f94nf,nscc-ds-4a100-node9,0,1,sleep,True,2026-07-10T09:15:46.527640Z,2026-07-10T09:15:47.702627Z,2026-07-10T09:15:47.562001Z,2026-07-10T09:15:47.708226Z,1.174988,1.09452,1.180587,37892,4070,False,0,0,
dsqwen-7b,dsqwen-7b-nscc-ds-4a100-node9-gpu-0-546d5d9f88-f94nf,nscc-ds-4a100-node9,0,1,wake,True,2026-07-10T09:15:49.014430Z,2026-07-10T09:15:49.666943Z,2026-07-10T09:15:49.528231Z,2026-07-10T09:15:49.693508Z,0.652513,0.596285,0.679078,4070,37892,False,0,0,
dsqwen-7b,dsqwen-7b-nscc-ds-4a100-node9-gpu-0-546d5d9f88-f94nf,nscc-ds-4a100-node9,0,2,sleep,False,2026-07-10T09:15:51.013397Z,2026-07-10T09:15:52.164184Z,2026-07-10T09:15:52.018635Z,2026-07-10T09:15:52.169473Z,1.150787,1.066852,1.156076,37892,4070,False,0,0,
dsqwen-7b,dsqwen-7b-nscc-ds-4a100-node9-gpu-0-546d5d9f88-f94nf,nscc-ds-4a100-node9,0,2,wake,False,2026-07-10T09:15:53.473880Z,2026-07-10T09:15:54.146441Z,2026-07-10T09:15:54.003411Z,2026-07-10T09:15:54.174815Z,0.672562,0.604042,0.700935,5266,37892,False,0,0,
dsqwen-7b,dsqwen-7b-nscc-ds-4a100-node9-gpu-0-546d5d9f88-f94nf,nscc-ds-4a100-node9,0,3,sleep,False,2026-07-10T09:15:55.495604Z,2026-07-10T09:15:56.584178Z,2026-07-10T09:15:56.439446Z,2026-07-10T09:15:56.589723Z,1.088574,1.030614,1.094119,36792,4070,False,0,0,
dsqwen-7b,dsqwen-7b-nscc-ds-4a100-node9-gpu-0-546d5d9f88-f94nf,nscc-ds-4a100-node9,0,3,wake,False,2026-07-10T09:15:57.889804Z,2026-07-10T09:15:58.553944Z,2026-07-10T09:15:58.410907Z,2026-07-10T09:15:58.576857Z,0.66414,0.597609,0.687053,4070,37892,False,0,0,
dsqwen-7b,dsqwen-7b-nscc-ds-4a100-node9-gpu-0-546d5d9f88-f94nf,nscc-ds-4a100-node9,0,4,sleep,False,2026-07-10T09:15:59.877887Z,2026-07-10T09:16:00.998497Z,2026-07-10T09:16:00.853936Z,2026-07-10T09:16:01.006401Z,1.12061,1.038886,1.128514,37892,4070,False,0,0,
dsqwen-7b,dsqwen-7b-nscc-ds-4a100-node9-gpu-0-546d5d9f88-f94nf,nscc-ds-4a100-node9,0,4,wake,False,2026-07-10T09:16:02.297369Z,2026-07-10T09:16:02.962644Z,2026-07-10T09:16:02.818722Z,2026-07-10T09:16:02.985807Z,0.665276,0.59515,0.688438,4070,37892,False,0,0,
dsqwen-7b,dsqwen-7b-nscc-ds-4a100-node9-gpu-0-546d5d9f88-f94nf,nscc-ds-4a100-node9,0,5,sleep,False,2026-07-10T09:16:04.287333Z,2026-07-10T09:16:05.367063Z,2026-07-10T09:16:05.220072Z,2026-07-10T09:16:05.374114Z,1.07973,1.013903,1.086781,37892,4070,False,0,0,
dsqwen-7b,dsqwen-7b-nscc-ds-4a100-node9-gpu-0-546d5d9f88-f94nf,nscc-ds-4a100-node9,0,5,wake,False,2026-07-10T09:16:06.698481Z,2026-07-10T09:16:07.400701Z,2026-07-10T09:16:07.229042Z,2026-07-10T09:16:07.432853Z,0.70222,0.595843,0.734373,4070,37892,False,0,0,
dsqwen-7b,dsqwen-7b-nscc-ds-4a100-node9-gpu-0-546d5d9f88-f94nf,nscc-ds-4a100-node9,0,6,sleep,False,2026-07-10T09:16:08.745899Z,2026-07-10T09:16:09.822868Z,2026-07-10T09:16:09.683640Z,2026-07-10T09:16:09.827465Z,1.076968,1.013499,1.081565,37892,4070,False,0,0,
dsqwen-7b,dsqwen-7b-nscc-ds-4a100-node9-gpu-0-546d5d9f88-f94nf,nscc-ds-4a100-node9,0,6,wake,False,2026-07-10T09:16:11.144091Z,2026-07-10T09:16:11.800509Z,2026-07-10T09:16:11.658105Z,2026-07-10T09:16:11.824497Z,0.656418,0.602186,0.680406,4070,37892,False,0,0,
dsqwen-7b,dsqwen-7b-nscc-ds-4a100-node9-gpu-0-546d5d9f88-f94nf,nscc-ds-4a100-node9,0,7,sleep,False,2026-07-10T09:16:13.137877Z,2026-07-10T09:16:14.246956Z,2026-07-10T09:16:14.103418Z,2026-07-10T09:16:14.251313Z,1.10908,1.048527,1.113437,37892,4070,False,0,0,
dsqwen-7b,dsqwen-7b-nscc-ds-4a100-node9-gpu-0-546d5d9f88-f94nf,nscc-ds-4a100-node9,0,7,wake,False,2026-07-10T09:16:15.565260Z,2026-07-10T09:16:16.242876Z,2026-07-10T09:16:16.097905Z,2026-07-10T09:16:16.275763Z,0.677616,0.594796,0.710503,4070,37892,False,0,0,
dsqwen-7b,dsqwen-7b-nscc-ds-4a100-node9-gpu-0-546d5d9f88-f94nf,nscc-ds-4a100-node9,0,8,sleep,False,2026-07-10T09:16:17.593895Z,2026-07-10T09:16:18.704724Z,2026-07-10T09:16:18.564954Z,2026-07-10T09:16:18.709127Z,1.110828,1.014479,1.115232,37892,4070,False,0,0,
dsqwen-7b,dsqwen-7b-nscc-ds-4a100-node9-gpu-0-546d5d9f88-f94nf,nscc-ds-4a100-node9,0,8,wake,False,2026-07-10T09:16:20.020071Z,2026-07-10T09:16:20.667428Z,2026-07-10T09:16:20.527374Z,2026-07-10T09:16:20.690621Z,0.647357,0.596327,0.67055,4070,37892,False,0,0,
dsqwen-7b,dsqwen-7b-nscc-ds-4a100-node9-gpu-0-546d5d9f88-f94nf,nscc-ds-4a100-node9,0,9,sleep,False,2026-07-10T09:16:22.005918Z,2026-07-10T09:16:23.067736Z,2026-07-10T09:16:22.929227Z,2026-07-10T09:16:23.072680Z,1.061818,0.997853,1.066762,37892,4070,False,0,0,
dsqwen-7b,dsqwen-7b-nscc-ds-4a100-node9-gpu-0-546d5d9f88-f94nf,nscc-ds-4a100-node9,0,9,wake,False,2026-07-10T09:16:24.390727Z,2026-07-10T09:16:25.053015Z,2026-07-10T09:16:24.909888Z,2026-07-10T09:16:25.084134Z,0.662289,0.606394,0.693407,4070,37892,False,0,0,
dsqwen-7b,dsqwen-7b-nscc-ds-4a100-node9-gpu-0-546d5d9f88-f94nf,nscc-ds-4a100-node9,0,10,sleep,False,2026-07-10T09:16:26.406586Z,2026-07-10T09:16:27.509706Z,2026-07-10T09:16:27.366834Z,2026-07-10T09:16:27.519855Z,1.10312,1.032502,1.113269,37892,4070,False,0,0,
dsqwen-7b,dsqwen-7b-nscc-ds-4a100-node9-gpu-0-546d5d9f88-f94nf,nscc-ds-4a100-node9,0,10,wake,False,2026-07-10T09:16:28.830111Z,2026-07-10T09:16:29.504055Z,2026-07-10T09:16:29.357925Z,2026-07-10T09:16:29.528821Z,0.673944,0.596763,0.69871,4070,37892,False,0,0,
dsqwen-7b,dsqwen-7b-nscc-ds-4a100-node9-gpu-0-546d5d9f88-f94nf,nscc-ds-4a100-node9,0,11,sleep,False,2026-07-10T09:16:30.850176Z,2026-07-10T09:16:31.946941Z,2026-07-10T09:16:31.806892Z,2026-07-10T09:16:31.950309Z,1.096765,1.014747,1.100133,37892,4070,False,0,0,
dsqwen-7b,dsqwen-7b-nscc-ds-4a100-node9-gpu-0-546d5d9f88-f94nf,nscc-ds-4a100-node9,0,11,wake,False,2026-07-10T09:16:33.262278Z,2026-07-10T09:16:33.913023Z,2026-07-10T09:16:33.776217Z,2026-07-10T09:16:33.946274Z,0.650745,0.602005,0.683996,4070,37892,False,0,0,
dsqwen-7b,dsqwen-7b-nscc-ds-4a100-node9-gpu-0-546d5d9f88-f94nf,nscc-ds-4a100-node9,0,12,sleep,False,2026-07-10T09:16:35.246021Z,2026-07-10T09:16:36.329091Z,2026-07-10T09:16:36.184880Z,2026-07-10T09:16:36.334163Z,1.08307,0.999675,1.088142,37892,4070,False,0,0,
dsqwen-7b,dsqwen-7b-nscc-ds-4a100-node9-gpu-0-546d5d9f88-f94nf,nscc-ds-4a100-node9,0,12,wake,False,2026-07-10T09:16:37.641857Z,2026-07-10T09:16:38.295643Z,2026-07-10T09:16:38.158424Z,2026-07-10T09:16:38.326878Z,0.653787,0.605318,0.685021,4070,37892,False,0,0,
dsqwen-7b,dsqwen-7b-nscc-ds-4a100-node9-gpu-0-546d5d9f88-f94nf,nscc-ds-4a100-node9,0,13,sleep,False,2026-07-10T09:16:39.634285Z,2026-07-10T09:16:40.744025Z,2026-07-10T09:16:40.606364Z,2026-07-10T09:16:40.747122Z,1.109739,1.055035,1.112837,37892,4070,False,0,0,
dsqwen-7b,dsqwen-7b-nscc-ds-4a100-node9-gpu-0-546d5d9f88-f94nf,nscc-ds-4a100-node9,0,13,wake,False,2026-07-10T09:16:42.065450Z,2026-07-10T09:16:42.712613Z,2026-07-10T09:16:42.573498Z,2026-07-10T09:16:42.734285Z,0.647163,0.595679,0.668835,4070,37892,False,0,0,
dsqwen-7b,dsqwen-7b-nscc-ds-4a100-node9-gpu-0-546d5d9f88-f94nf,nscc-ds-4a100-node9,0,14,sleep,False,2026-07-10T09:16:44.060139Z,2026-07-10T09:16:45.151726Z,2026-07-10T09:16:45.011589Z,2026-07-10T09:16:45.155736Z,1.091586,1.025284,1.095597,37892,4070,False,0,0,
dsqwen-7b,dsqwen-7b-nscc-ds-4a100-node9-gpu-0-546d5d9f88-f94nf,nscc-ds-4a100-node9,0,14,wake,False,2026-07-10T09:16:46.485868Z,2026-07-10T09:16:47.156893Z,2026-07-10T09:16:47.014087Z,2026-07-10T09:16:47.186351Z,0.671025,0.59607,0.700483,5234,37892,False,0,0,
dsqwen-7b,dsqwen-7b-nscc-ds-4a100-node9-gpu-0-546d5d9f88-f94nf,nscc-ds-4a100-node9,0,15,sleep,False,2026-07-10T09:16:48.506655Z,2026-07-10T09:16:49.614109Z,2026-07-10T09:16:49.477221Z,2026-07-10T09:16:49.619218Z,1.107453,1.031257,1.112562,37892,4070,False,0,0,
dsqwen-7b,dsqwen-7b-nscc-ds-4a100-node9-gpu-0-546d5d9f88-f94nf,nscc-ds-4a100-node9,0,15,wake,False,2026-07-10T09:16:50.933890Z,2026-07-10T09:16:51.576454Z,2026-07-10T09:16:51.440814Z,2026-07-10T09:16:51.598472Z,0.642564,0.59595,0.664582,4070,37892,False,0,0,
dsqwen-7b,dsqwen-7b-nscc-ds-4a100-node9-gpu-0-546d5d9f88-f94nf,nscc-ds-4a100-node9,0,16,sleep,False,2026-07-10T09:16:52.920287Z,2026-07-10T09:16:53.986450Z,2026-07-10T09:16:53.846783Z,2026-07-10T09:16:53.990179Z,1.066163,1.014342,1.069892,37892,4070,False,0,0,
dsqwen-7b,dsqwen-7b-nscc-ds-4a100-node9-gpu-0-546d5d9f88-f94nf,nscc-ds-4a100-node9,0,16,wake,False,2026-07-10T09:16:55.306144Z,2026-07-10T09:16:55.974977Z,2026-07-10T09:16:55.833228Z,2026-07-10T09:16:55.998645Z,0.668833,0.595362,0.692502,4070,37892,False,0,0,
dsqwen-7b,dsqwen-7b-nscc-ds-4a100-node9-gpu-0-546d5d9f88-f94nf,nscc-ds-4a100-node9,0,17,sleep,False,2026-07-10T09:16:57.314138Z,2026-07-10T09:16:58.394545Z,2026-07-10T09:16:58.253289Z,2026-07-10T09:16:58.406285Z,1.080407,1.031559,1.092146,37892,4070,False,0,0,
dsqwen-7b,dsqwen-7b-nscc-ds-4a100-node9-gpu-0-546d5d9f88-f94nf,nscc-ds-4a100-node9,0,17,wake,False,2026-07-10T09:16:59.715776Z,2026-07-10T09:17:00.403646Z,2026-07-10T09:17:00.262449Z,2026-07-10T09:17:00.432144Z,0.68787,0.618218,0.716368,4070,37892,False,0,0,
dsqwen-7b,dsqwen-7b-nscc-ds-4a100-node9-gpu-0-546d5d9f88-f94nf,nscc-ds-4a100-node9,0,18,sleep,False,2026-07-10T09:17:01.741921Z,2026-07-10T09:17:02.805847Z,2026-07-10T09:17:02.662248Z,2026-07-10T09:17:02.813620Z,1.063926,0.996977,1.071699,37892,4070,False,0,0,
dsqwen-7b,dsqwen-7b-nscc-ds-4a100-node9-gpu-0-546d5d9f88-f94nf,nscc-ds-4a100-node9,0,18,wake,False,2026-07-10T09:17:04.117882Z,2026-07-10T09:17:04.783775Z,2026-07-10T09:17:04.639070Z,2026-07-10T09:17:04.811510Z,0.665893,0.59513,0.693628,4070,37892,False,0,0,
dsqwen-7b,dsqwen-7b-nscc-ds-4a100-node9-gpu-0-546d5d9f88-f94nf,nscc-ds-4a100-node9,0,19,sleep,False,2026-07-10T09:17:06.121892Z,2026-07-10T09:17:07.194951Z,2026-07-10T09:17:07.058084Z,2026-07-10T09:17:07.201141Z,1.073059,1.011435,1.079249,37892,4070,False,0,0,
dsqwen-7b,dsqwen-7b-nscc-ds-4a100-node9-gpu-0-546d5d9f88-f94nf,nscc-ds-4a100-node9,0,19,wake,False,2026-07-10T09:17:08.511851Z,2026-07-10T09:17:09.201413Z,2026-07-10T09:17:09.047541Z,2026-07-10T09:17:09.231082Z,0.689562,0.594938,0.719232,5110,37892,False,0,0,
dsqwen-7b,dsqwen-7b-nscc-ds-4a100-node9-gpu-0-546d5d9f88-f94nf,nscc-ds-4a100-node9,0,20,sleep,False,2026-07-10T09:17:10.556544Z,2026-07-10T09:17:11.670940Z,2026-07-10T09:17:11.525246Z,2026-07-10T09:17:11.675668Z,1.114396,1.029256,1.119124,37892,4070,False,0,0,
dsqwen-7b,dsqwen-7b-nscc-ds-4a100-node9-gpu-0-546d5d9f88-f94nf,nscc-ds-4a100-node9,0,20,wake,False,2026-07-10T09:17:12.981883Z,2026-07-10T09:17:13.658614Z,2026-07-10T09:17:13.515789Z,2026-07-10T09:17:13.689029Z,0.676731,0.601719,0.707146,4070,37892,False,0,0,
dsqwen-7b,dsqwen-7b-nscc-ds-4a100-node9-gpu-0-546d5d9f88-f94nf,nscc-ds-4a100-node9,0,21,sleep,False,2026-07-10T09:17:45.091616Z,2026-07-10T09:17:46.206838Z,2026-07-10T09:17:46.063190Z,2026-07-10T09:17:46.211450Z,1.115222,1.057052,1.119834,37892,4070,True,130,4,2169.973
dsqwen-7b,dsqwen-7b-nscc-ds-4a100-node9-gpu-0-546d5d9f88-f94nf,nscc-ds-4a100-node9,0,21,wake,False,2026-07-10T09:17:47.524523Z,2026-07-10T09:17:48.182632Z,2026-07-10T09:17:48.040077Z,2026-07-10T09:17:48.204502Z,0.65811,0.595756,0.67998,5110,37892,True,130,4,2169.973
dsqwen-7b,dsqwen-7b-nscc-ds-4a100-node9-gpu-0-546d5d9f88-f94nf,nscc-ds-4a100-node9,0,22,sleep,False,2026-07-10T09:18:49.725454Z,2026-07-10T09:18:50.870238Z,2026-07-10T09:18:50.728227Z,2026-07-10T09:18:50.874266Z,1.144784,1.076538,1.148812,37892,4070,True,130,4,2230.84
dsqwen-7b,dsqwen-7b-nscc-ds-4a100-node9-gpu-0-546d5d9f88-f94nf,nscc-ds-4a100-node9,0,22,wake,False,2026-07-10T09:18:52.181878Z,2026-07-10T09:18:52.852724Z,2026-07-10T09:18:52.709895Z,2026-07-10T09:18:52.874162Z,0.670846,0.595002,0.692284,4070,37892,True,130,4,2230.84
dsqwen-7b,dsqwen-7b-nscc-ds-4a100-node9-gpu-0-546d5d9f88-f94nf,nscc-ds-4a100-node9,0,23,sleep,False,2026-07-10T09:19:54.300849Z,2026-07-10T09:19:55.436851Z,2026-07-10T09:19:55.295063Z,2026-07-10T09:19:55.440089Z,1.136002,1.064518,1.13924,37892,4070,True,130,4,2122.399
dsqwen-7b,dsqwen-7b-nscc-ds-4a100-node9-gpu-0-546d5d9f88-f94nf,nscc-ds-4a100-node9,0,23,wake,False,2026-07-10T09:19:56.749869Z,2026-07-10T09:19:57.406950Z,2026-07-10T09:19:57.264184Z,2026-07-10T09:19:57.426702Z,0.657082,0.602305,0.676833,4070,37892,True,130,4,2122.399
dsqwen-7b,dsqwen-7b-nscc-ds-4a100-node9-gpu-0-546d5d9f88-f94nf,nscc-ds-4a100-node9,0,24,sleep,False,2026-07-10T09:20:58.938910Z,2026-07-10T09:21:00.122775Z,2026-07-10T09:20:59.968724Z,2026-07-10T09:21:00.127822Z,1.183865,1.082341,1.188911,37892,4070,True,130,4,2276.491
dsqwen-7b,dsqwen-7b-nscc-ds-4a100-node9-gpu-0-546d5d9f88-f94nf,nscc-ds-4a100-node9,0,24,wake,False,2026-07-10T09:21:01.437749Z,2026-07-10T09:21:02.120152Z,2026-07-10T09:21:01.972928Z,2026-07-10T09:21:02.148233Z,0.682402,0.601282,0.710484,4070,37892,True,130,4,2276.491
dsqwen-7b,dsqwen-7b-nscc-ds-4a100-node9-gpu-0-546d5d9f88-f94nf,nscc-ds-4a100-node9,0,25,sleep,False,2026-07-10T09:22:03.651384Z,2026-07-10T09:22:04.809968Z,2026-07-10T09:22:04.667353Z,2026-07-10T09:22:04.818196Z,1.158584,1.073077,1.166812,37892,4070,True,130,4,2269.708
dsqwen-7b,dsqwen-7b-nscc-ds-4a100-node9-gpu-0-546d5d9f88-f94nf,nscc-ds-4a100-node9,0,25,wake,False,2026-07-10T09:22:06.147414Z,2026-07-10T09:22:06.823053Z,2026-07-10T09:22:06.679200Z,2026-07-10T09:22:06.848498Z,0.675639,0.595658,0.701085,4070,37892,True,130,4,2269.708
dsqwen-14b,dsqwen-14b-nscc-ds-4a100-node9-gpu-2-3-69c86d8db7-vnxtl,nscc-ds-4a100-node9,2;3,1,sleep,True,2026-07-10T09:22:38.258528Z,2026-07-10T09:22:40.592194Z,2026-07-10T09:22:40.445319Z,2026-07-10T09:22:40.598912Z,2.333665,2.2617,2.340384,74764,8140,False,0,0,
dsqwen-14b,dsqwen-14b-nscc-ds-4a100-node9-gpu-2-3-69c86d8db7-vnxtl,nscc-ds-4a100-node9,2;3,1,wake,True,2026-07-10T09:22:41.887747Z,2026-07-10T09:22:42.598496Z,2026-07-10T09:22:42.456266Z,2026-07-10T09:22:42.633215Z,0.710749,0.665305,0.745468,8140,74764,False,0,0,
dsqwen-14b,dsqwen-14b-nscc-ds-4a100-node9-gpu-2-3-69c86d8db7-vnxtl,nscc-ds-4a100-node9,2;3,2,sleep,False,2026-07-10T09:22:43.910860Z,2026-07-10T09:22:46.206256Z,2026-07-10T09:22:46.061044Z,2026-07-10T09:22:46.210334Z,2.295396,2.24574,2.299474,74764,8140,False,0,0,
dsqwen-14b,dsqwen-14b-nscc-ds-4a100-node9-gpu-2-3-69c86d8db7-vnxtl,nscc-ds-4a100-node9,2;3,2,wake,False,2026-07-10T09:22:47.493876Z,2026-07-10T09:22:48.222376Z,2026-07-10T09:22:48.071302Z,2026-07-10T09:22:48.247726Z,0.7285,0.663926,0.753851,8140,74764,False,0,0,
dsqwen-14b,dsqwen-14b-nscc-ds-4a100-node9-gpu-2-3-69c86d8db7-vnxtl,nscc-ds-4a100-node9,2;3,3,sleep,False,2026-07-10T09:22:49.534458Z,2026-07-10T09:22:51.765625Z,2026-07-10T09:22:51.620358Z,2026-07-10T09:22:51.769986Z,2.231167,2.16641,2.235528,74764,8140,False,0,0,
dsqwen-14b,dsqwen-14b-nscc-ds-4a100-node9-gpu-2-3-69c86d8db7-vnxtl,nscc-ds-4a100-node9,2;3,3,wake,False,2026-07-10T09:22:53.066576Z,2026-07-10T09:22:53.780721Z,2026-07-10T09:22:53.638561Z,2026-07-10T09:22:53.810885Z,0.714144,0.666195,0.744308,8140,74764,False,0,0,
dsqwen-14b,dsqwen-14b-nscc-ds-4a100-node9-gpu-2-3-69c86d8db7-vnxtl,nscc-ds-4a100-node9,2;3,4,sleep,False,2026-07-10T09:22:55.097861Z,2026-07-10T09:22:57.133605Z,2026-07-10T09:22:56.981889Z,2026-07-10T09:22:57.137270Z,2.035745,1.961945,2.039409,74764,8140,False,0,0,
dsqwen-14b,dsqwen-14b-nscc-ds-4a100-node9-gpu-2-3-69c86d8db7-vnxtl,nscc-ds-4a100-node9,2;3,4,wake,False,2026-07-10T09:22:58.429931Z,2026-07-10T09:22:59.158785Z,2026-07-10T09:22:59.015735Z,2026-07-10T09:22:59.190495Z,0.728854,0.662653,0.760564,8140,74764,False,0,0,
dsqwen-14b,dsqwen-14b-nscc-ds-4a100-node9-gpu-2-3-69c86d8db7-vnxtl,nscc-ds-4a100-node9,2;3,5,sleep,False,2026-07-10T09:23:00.477160Z,2026-07-10T09:23:03.033390Z,2026-07-10T09:23:02.882519Z,2026-07-10T09:23:03.038402Z,2.55623,2.486166,2.561242,74764,8140,False,0,0,
dsqwen-14b,dsqwen-14b-nscc-ds-4a100-node9-gpu-2-3-69c86d8db7-vnxtl,nscc-ds-4a100-node9,2;3,5,wake,False,2026-07-10T09:23:04.329861Z,2026-07-10T09:23:05.046499Z,2026-07-10T09:23:04.902255Z,2026-07-10T09:23:05.073414Z,0.716638,0.666194,0.743552,8140,74764,False,0,0,
dsqwen-14b,dsqwen-14b-nscc-ds-4a100-node9-gpu-2-3-69c86d8db7-vnxtl,nscc-ds-4a100-node9,2;3,6,sleep,False,2026-07-10T09:23:06.354915Z,2026-07-10T09:23:08.269699Z,2026-07-10T09:23:08.121831Z,2026-07-10T09:23:08.273672Z,1.914783,1.849051,1.918756,74764,8140,False,0,0,
dsqwen-14b,dsqwen-14b-nscc-ds-4a100-node9-gpu-2-3-69c86d8db7-vnxtl,nscc-ds-4a100-node9,2;3,6,wake,False,2026-07-10T09:23:09.560735Z,2026-07-10T09:23:10.296498Z,2026-07-10T09:23:10.144973Z,2026-07-10T09:23:10.336221Z,0.735764,0.664331,0.775487,11444,74764,False,0,0,
dsqwen-14b,dsqwen-14b-nscc-ds-4a100-node9-gpu-2-3-69c86d8db7-vnxtl,nscc-ds-4a100-node9,2;3,7,sleep,False,2026-07-10T09:23:11.629901Z,2026-07-10T09:23:13.401614Z,2026-07-10T09:23:13.257257Z,2026-07-10T09:23:13.406473Z,1.771713,1.700834,1.776572,74764,8140,False,0,0,
dsqwen-14b,dsqwen-14b-nscc-ds-4a100-node9-gpu-2-3-69c86d8db7-vnxtl,nscc-ds-4a100-node9,2;3,7,wake,False,2026-07-10T09:23:14.695200Z,2026-07-10T09:23:15.448311Z,2026-07-10T09:23:15.303192Z,2026-07-10T09:23:15.476132Z,0.75311,0.696996,0.780932,8140,74764,False,0,0,
dsqwen-14b,dsqwen-14b-nscc-ds-4a100-node9-gpu-2-3-69c86d8db7-vnxtl,nscc-ds-4a100-node9,2;3,8,sleep,False,2026-07-10T09:23:16.764468Z,2026-07-10T09:23:18.601269Z,2026-07-10T09:23:18.415751Z,2026-07-10T09:23:18.608596Z,1.836801,1.727785,1.844127,74764,8140,False,0,0,
dsqwen-14b,dsqwen-14b-nscc-ds-4a100-node9-gpu-2-3-69c86d8db7-vnxtl,nscc-ds-4a100-node9,2;3,8,wake,False,2026-07-10T09:23:19.893885Z,2026-07-10T09:23:20.605840Z,2026-07-10T09:23:20.462396Z,2026-07-10T09:23:20.637392Z,0.711955,0.665469,0.743507,8140,74764,False,0,0,
dsqwen-14b,dsqwen-14b-nscc-ds-4a100-node9-gpu-2-3-69c86d8db7-vnxtl,nscc-ds-4a100-node9,2;3,9,sleep,False,2026-07-10T09:23:21.929880Z,2026-07-10T09:23:23.731553Z,2026-07-10T09:23:23.584352Z,2026-07-10T09:23:23.735754Z,1.801672,1.739984,1.805874,74764,8140,False,0,0,
dsqwen-14b,dsqwen-14b-nscc-ds-4a100-node9-gpu-2-3-69c86d8db7-vnxtl,nscc-ds-4a100-node9,2;3,9,wake,False,2026-07-10T09:23:25.018986Z,2026-07-10T09:23:25.734456Z,2026-07-10T09:23:25.593926Z,2026-07-10T09:23:25.759622Z,0.71547,0.666221,0.740636,8140,74764,False,0,0,
dsqwen-14b,dsqwen-14b-nscc-ds-4a100-node9-gpu-2-3-69c86d8db7-vnxtl,nscc-ds-4a100-node9,2;3,10,sleep,False,2026-07-10T09:23:27.046021Z,2026-07-10T09:23:28.654869Z,2026-07-10T09:23:28.512261Z,2026-07-10T09:23:28.663094Z,1.608849,1.552646,1.617074,74764,8140,False,0,0,
dsqwen-14b,dsqwen-14b-nscc-ds-4a100-node9-gpu-2-3-69c86d8db7-vnxtl,nscc-ds-4a100-node9,2;3,10,wake,False,2026-07-10T09:23:29.944110Z,2026-07-10T09:23:30.655651Z,2026-07-10T09:23:30.513074Z,2026-07-10T09:23:30.688036Z,0.711541,0.665383,0.743926,8140,74764,False,0,0,
dsqwen-14b,dsqwen-14b-nscc-ds-4a100-node9-gpu-2-3-69c86d8db7-vnxtl,nscc-ds-4a100-node9,2;3,11,sleep,False,2026-07-10T09:23:31.976136Z,2026-07-10T09:23:33.767378Z,2026-07-10T09:23:33.625437Z,2026-07-10T09:23:33.770702Z,1.791242,1.734087,1.794565,74764,8140,False,0,0,
dsqwen-14b,dsqwen-14b-nscc-ds-4a100-node9-gpu-2-3-69c86d8db7-vnxtl,nscc-ds-4a100-node9,2;3,11,wake,False,2026-07-10T09:23:35.073803Z,2026-07-10T09:23:35.791425Z,2026-07-10T09:23:35.648782Z,2026-07-10T09:23:35.826581Z,0.717622,0.664925,0.752778,8140,74764,False,0,0,
dsqwen-14b,dsqwen-14b-nscc-ds-4a100-node9-gpu-2-3-69c86d8db7-vnxtl,nscc-ds-4a100-node9,2;3,12,sleep,False,2026-07-10T09:23:37.117157Z,2026-07-10T09:23:38.762285Z,2026-07-10T09:23:38.611958Z,2026-07-10T09:23:38.766329Z,1.645128,1.588662,1.649171,74764,8140,False,0,0,
dsqwen-14b,dsqwen-14b-nscc-ds-4a100-node9-gpu-2-3-69c86d8db7-vnxtl,nscc-ds-4a100-node9,2;3,12,wake,False,2026-07-10T09:23:40.052266Z,2026-07-10T09:23:40.779666Z,2026-07-10T09:23:40.634770Z,2026-07-10T09:23:40.808643Z,0.7274,0.665258,0.756378,8140,74764,False,0,0,
dsqwen-14b,dsqwen-14b-nscc-ds-4a100-node9-gpu-2-3-69c86d8db7-vnxtl,nscc-ds-4a100-node9,2;3,13,sleep,False,2026-07-10T09:23:42.097891Z,2026-07-10T09:23:43.864156Z,2026-07-10T09:23:43.719010Z,2026-07-10T09:23:43.869188Z,1.766265,1.702224,1.771297,74764,8140,False,0,0,
dsqwen-14b,dsqwen-14b-nscc-ds-4a100-node9-gpu-2-3-69c86d8db7-vnxtl,nscc-ds-4a100-node9,2;3,13,wake,False,2026-07-10T09:23:45.157891Z,2026-07-10T09:23:45.881039Z,2026-07-10T09:23:45.738062Z,2026-07-10T09:23:45.910302Z,0.723148,0.666955,0.752411,8140,74764,False,0,0,
dsqwen-14b,dsqwen-14b-nscc-ds-4a100-node9-gpu-2-3-69c86d8db7-vnxtl,nscc-ds-4a100-node9,2;3,14,sleep,False,2026-07-10T09:23:47.197918Z,2026-07-10T09:23:48.935367Z,2026-07-10T09:23:48.792610Z,2026-07-10T09:23:48.939288Z,1.737448,1.6794,1.741369,74764,8140,False,0,0,
dsqwen-14b,dsqwen-14b-nscc-ds-4a100-node9-gpu-2-3-69c86d8db7-vnxtl,nscc-ds-4a100-node9,2;3,14,wake,False,2026-07-10T09:23:50.229131Z,2026-07-10T09:23:50.960371Z,2026-07-10T09:23:50.812893Z,2026-07-10T09:23:50.986392Z,0.731239,0.66995,0.75726,8140,74764,False,0,0,
dsqwen-14b,dsqwen-14b-nscc-ds-4a100-node9-gpu-2-3-69c86d8db7-vnxtl,nscc-ds-4a100-node9,2;3,15,sleep,False,2026-07-10T09:23:52.278254Z,2026-07-10T09:23:54.127655Z,2026-07-10T09:23:53.982357Z,2026-07-10T09:23:54.132671Z,1.849401,1.788143,1.854417,74764,8140,False,0,0,
dsqwen-14b,dsqwen-14b-nscc-ds-4a100-node9-gpu-2-3-69c86d8db7-vnxtl,nscc-ds-4a100-node9,2;3,15,wake,False,2026-07-10T09:23:55.425872Z,2026-07-10T09:23:56.140855Z,2026-07-10T09:23:56.004323Z,2026-07-10T09:23:56.171292Z,0.714983,0.672854,0.74542,8140,74764,False,0,0,
dsqwen-14b,dsqwen-14b-nscc-ds-4a100-node9-gpu-2-3-69c86d8db7-vnxtl,nscc-ds-4a100-node9,2;3,16,sleep,False,2026-07-10T09:23:57.461118Z,2026-07-10T09:23:59.153057Z,2026-07-10T09:23:59.011286Z,2026-07-10T09:23:59.158956Z,1.691939,1.647775,1.697838,74764,8140,False,0,0,
dsqwen-14b,dsqwen-14b-nscc-ds-4a100-node9-gpu-2-3-69c86d8db7-vnxtl,nscc-ds-4a100-node9,2;3,16,wake,False,2026-07-10T09:24:00.443296Z,2026-07-10T09:24:01.161885Z,2026-07-10T09:24:01.023074Z,2026-07-10T09:24:01.188743Z,0.71859,0.666474,0.745447,8140,74764,False,0,0,
dsqwen-14b,dsqwen-14b-nscc-ds-4a100-node9-gpu-2-3-69c86d8db7-vnxtl,nscc-ds-4a100-node9,2;3,17,sleep,False,2026-07-10T09:24:02.485899Z,2026-07-10T09:24:04.283209Z,2026-07-10T09:24:04.141098Z,2026-07-10T09:24:04.287423Z,1.79731,1.749726,1.801523,74764,8140,False,0,0,
dsqwen-14b,dsqwen-14b-nscc-ds-4a100-node9-gpu-2-3-69c86d8db7-vnxtl,nscc-ds-4a100-node9,2;3,17,wake,False,2026-07-10T09:24:05.577880Z,2026-07-10T09:24:06.288374Z,2026-07-10T09:24:06.147711Z,2026-07-10T09:24:06.320721Z,0.710495,0.665544,0.742841,11372,74764,False,0,0,
dsqwen-14b,dsqwen-14b-nscc-ds-4a100-node9-gpu-2-3-69c86d8db7-vnxtl,nscc-ds-4a100-node9,2;3,18,sleep,False,2026-07-10T09:24:07.618068Z,2026-07-10T09:24:09.443724Z,2026-07-10T09:24:09.302052Z,2026-07-10T09:24:09.447105Z,1.825656,1.768197,1.829037,73084,8140,False,0,0,
dsqwen-14b,dsqwen-14b-nscc-ds-4a100-node9-gpu-2-3-69c86d8db7-vnxtl,nscc-ds-4a100-node9,2;3,18,wake,False,2026-07-10T09:24:10.734845Z,2026-07-10T09:24:11.444053Z,2026-07-10T09:24:11.304275Z,2026-07-10T09:24:11.467334Z,0.709208,0.666537,0.732488,8140,74764,False,0,0,
dsqwen-14b,dsqwen-14b-nscc-ds-4a100-node9-gpu-2-3-69c86d8db7-vnxtl,nscc-ds-4a100-node9,2;3,19,sleep,False,2026-07-10T09:24:12.753150Z,2026-07-10T09:24:14.527270Z,2026-07-10T09:24:14.383312Z,2026-07-10T09:24:14.534194Z,1.77412,1.725437,1.781044,74764,8140,False,0,0,
dsqwen-14b,dsqwen-14b-nscc-ds-4a100-node9-gpu-2-3-69c86d8db7-vnxtl,nscc-ds-4a100-node9,2;3,19,wake,False,2026-07-10T09:24:15.843767Z,2026-07-10T09:24:16.567917Z,2026-07-10T09:24:16.423373Z,2026-07-10T09:24:16.597234Z,0.72415,0.666405,0.753466,8140,74764,False,0,0,
dsqwen-14b,dsqwen-14b-nscc-ds-4a100-node9-gpu-2-3-69c86d8db7-vnxtl,nscc-ds-4a100-node9,2;3,20,sleep,False,2026-07-10T09:24:17.894007Z,2026-07-10T09:24:19.765123Z,2026-07-10T09:24:19.620015Z,2026-07-10T09:24:19.769382Z,1.871116,1.810687,1.875375,74764,8140,False,0,0,
dsqwen-14b,dsqwen-14b-nscc-ds-4a100-node9-gpu-2-3-69c86d8db7-vnxtl,nscc-ds-4a100-node9,2;3,20,wake,False,2026-07-10T09:24:21.064345Z,2026-07-10T09:24:21.791378Z,2026-07-10T09:24:21.648540Z,2026-07-10T09:24:21.817937Z,0.727034,0.667172,0.753593,8140,74764,False,0,0,
dsqwen-14b,dsqwen-14b-nscc-ds-4a100-node9-gpu-2-3-69c86d8db7-vnxtl,nscc-ds-4a100-node9,2;3,21,sleep,False,2026-07-10T09:24:53.209950Z,2026-07-10T09:24:55.011169Z,2026-07-10T09:24:54.867539Z,2026-07-10T09:24:55.016157Z,1.801219,1.736111,1.806207,74764,8140,True,131,4,2927.065
dsqwen-14b,dsqwen-14b-nscc-ds-4a100-node9-gpu-2-3-69c86d8db7-vnxtl,nscc-ds-4a100-node9,2;3,21,wake,False,2026-07-10T09:24:56.315807Z,2026-07-10T09:24:57.035861Z,2026-07-10T09:24:56.894593Z,2026-07-10T09:24:57.061693Z,0.720055,0.666742,0.745886,8140,74768,True,131,4,2927.065
dsqwen-14b,dsqwen-14b-nscc-ds-4a100-node9-gpu-2-3-69c86d8db7-vnxtl,nscc-ds-4a100-node9,2;3,22,sleep,False,2026-07-10T09:25:58.463851Z,2026-07-10T09:26:00.162111Z,2026-07-10T09:26:00.016943Z,2026-07-10T09:26:00.172505Z,1.698259,1.637383,1.708654,74768,8140,True,131,4,2819.786
dsqwen-14b,dsqwen-14b-nscc-ds-4a100-node9-gpu-2-3-69c86d8db7-vnxtl,nscc-ds-4a100-node9,2;3,22,wake,False,2026-07-10T09:26:01.469925Z,2026-07-10T09:26:02.187705Z,2026-07-10T09:26:02.041641Z,2026-07-10T09:26:02.222481Z,0.71778,0.660927,0.752556,8140,74768,True,131,4,2819.786
dsqwen-14b,dsqwen-14b-nscc-ds-4a100-node9-gpu-2-3-69c86d8db7-vnxtl,nscc-ds-4a100-node9,2;3,23,sleep,False,2026-07-10T09:27:03.712635Z,2026-07-10T09:27:05.464464Z,2026-07-10T09:27:05.321177Z,2026-07-10T09:27:05.468186Z,1.75183,1.690149,1.755551,74768,8140,True,131,4,2864.259
dsqwen-14b,dsqwen-14b-nscc-ds-4a100-node9-gpu-2-3-69c86d8db7-vnxtl,nscc-ds-4a100-node9,2;3,23,wake,False,2026-07-10T09:27:06.760100Z,2026-07-10T09:27:07.471452Z,2026-07-10T09:27:07.332644Z,2026-07-10T09:27:07.498015Z,0.711352,0.658074,0.737915,8140,74768,True,131,4,2864.259
dsqwen-14b,dsqwen-14b-nscc-ds-4a100-node9-gpu-2-3-69c86d8db7-vnxtl,nscc-ds-4a100-node9,2;3,24,sleep,False,2026-07-10T09:28:08.984290Z,2026-07-10T09:28:10.721583Z,2026-07-10T09:28:10.585639Z,2026-07-10T09:28:10.725614Z,1.737293,1.694354,1.741323,74768,8140,True,131,4,2850.443
dsqwen-14b,dsqwen-14b-nscc-ds-4a100-node9-gpu-2-3-69c86d8db7-vnxtl,nscc-ds-4a100-node9,2;3,24,wake,False,2026-07-10T09:28:12.018527Z,2026-07-10T09:28:12.741389Z,2026-07-10T09:28:12.598695Z,2026-07-10T09:28:12.768402Z,0.722862,0.660509,0.749875,8140,74768,True,131,4,2850.443
dsqwen-14b,dsqwen-14b-nscc-ds-4a100-node9-gpu-2-3-69c86d8db7-vnxtl,nscc-ds-4a100-node9,2;3,25,sleep,False,2026-07-10T09:29:14.265859Z,2026-07-10T09:29:15.996917Z,2026-07-10T09:29:15.859324Z,2026-07-10T09:29:16.006030Z,1.731058,1.668594,1.740171,74768,8140,True,131,4,2853.411
dsqwen-14b,dsqwen-14b-nscc-ds-4a100-node9-gpu-2-3-69c86d8db7-vnxtl,nscc-ds-4a100-node9,2;3,25,wake,False,2026-07-10T09:29:17.301862Z,2026-07-10T09:29:18.013414Z,2026-07-10T09:29:17.873457Z,2026-07-10T09:29:18.042545Z,0.711552,0.658308,0.740683,8140,74768,True,131,4,2853.411
