ts,window_id,model,signal_source,raw_signal,theta,z,tss,theta_m,z_m,queue_len,decode_tps,prefill_tps,replicas_awake,replicas_target,tier,eta_m,action
1783693830.737,1783693830737,dsllama-8b,zm,0.0,1290.915,nan,0.0,1290.915,nan,0.0,0.0,0.0,1,1,healthy,nan,none
1783693830.737,1783693830737,dsqwen-14b,zm,0.0,1020.235,nan,0.0,1020.235,nan,0.0,0.0,0.0,1,1,healthy,nan,none
1783693830.737,1783693830737,dsqwen-7b,zm,0.0,993.4687597800112,nan,0.0,993.4687597800112,nan,0.0,0.0,0.0,1,1,healthy,nan,none
1783693837.325,1783693837325,dsllama-8b,zm,848.77,1290.915,0.6574948776642924,848.77,1290.915,0.6574948776642924,4.0,110.93333333333334,111.8,1,1,crit,848.77,none
1783693837.325,1783693837325,dsqwen-14b,zm,1107.9613636363638,1020.235,1.0859864282605123,1107.9613636363638,1020.235,1.0859864282605123,3.6666666666666665,128.0,129.0,1,1,healthy,1107.9613636363638,none
1783693837.325,1783693837325,dsqwen-7b,zm,807.9637500000001,993.4687597800112,0.8132754473114098,807.9637500000001,993.4687597800112,0.8132754473114098,5.333333333333333,140.8,141.9,1,1,healthy,807.9637500000001,none
1783693843.755,1783693843755,dsllama-8b,zm,848.77,1290.915,0.6574948776642924,848.77,1290.915,0.6574948776642924,4.0,110.93333333333334,111.8,1,1,crit,848.77,none
1783693843.755,1783693843755,dsqwen-14b,zm,1107.9613636363638,1020.235,1.0859864282605123,1107.9613636363638,1020.235,1.0859864282605123,3.6666666666666665,128.0,129.0,1,1,healthy,1107.9613636363638,none
1783693843.755,1783693843755,dsqwen-7b,zm,807.9637500000001,993.4687597800112,0.8132754473114098,807.9637500000001,993.4687597800112,0.8132754473114098,5.333333333333333,140.8,141.9,1,1,healthy,807.9637500000001,none
1783693850.048,1783693850048,dsllama-8b,zm,1028.22866613551,1290.915,0.7965115179043624,1028.22866613551,1290.915,0.7965115179043624,7.333333333333333,362.6666666666667,365.5,1,1,crit,1028.22866613551,none
1783693850.048,1783693850048,dsqwen-14b,zm,1252.3098347045507,1020.235,1.2274719399986773,1252.3098347045507,1020.235,1.2274719399986773,7.666666666666667,396.8,399.9,1,1,healthy,1252.3098347045507,none
1783693850.048,1783693850048,dsqwen-7b,zm,978.8672278104912,993.4687597800112,0.9853024749638295,978.8672278104912,993.4687597800112,0.9853024749638295,9.333333333333334,439.46666666666664,442.9,1,1,healthy,978.8672278104912,none
1783693856.504,1783693856504,dsllama-8b,zm,1215.2033381448791,1290.915,0.9413503895646724,1215.2033381448791,1290.915,0.9413503895646724,10.333333333333334,576.0,580.5,1,1,healthy,1215.2033381448791,none
1783693856.504,1783693856504,dsqwen-14b,zm,1482.152001331358,1020.235,1.4527554939120477,1482.152001331358,1020.235,1.4527554939120477,10.0,657.0666666666667,662.2,1,1,high,1482.152001331358,none
1783693856.504,1783693856504,dsqwen-7b,zm,1143.7469929549259,993.4687597800112,1.1512661889923863,1143.7469929549259,993.4687597800112,1.1512661889923863,13.666666666666666,704.0,709.5,1,1,healthy,1143.7469929549259,none
1783693863.094,1783693863094,dsllama-8b,zm,1504.9443060198587,1290.915,1.165796590805637,1504.9443060198587,1290.915,1.165796590805637,6.333333333333333,465.06666666666666,468.7,1,1,healthy,1504.9443060198587,none
1783693863.094,1783693863094,dsqwen-14b,zm,1810.360399141065,1020.235,1.7744543160556783,1810.360399141065,1020.235,1.7744543160556783,6.333333333333333,529.0666666666667,533.2,1,1,high,1810.360399141065,none
1783693863.094,1783693863094,dsqwen-7b,zm,1403.3089542679468,993.4687597800112,1.4125345567772947,1403.3089542679468,993.4687597800112,1.4125345567772947,8.333333333333334,563.2,567.6,1,1,high,1403.3089542679468,none
1783693869.539,1783693869539,dsllama-8b,zm,1689.4870658715968,1290.915,1.3087515954742155,1689.4870658715968,1290.915,1.3087515954742155,9.666666666666666,686.9333333333333,692.3,1,1,high,1689.4870658715968,none
1783693869.539,1783693869539,dsqwen-14b,zm,2060.314007222992,1020.235,2.0194504278161327,2060.314007222992,1020.235,2.0194504278161327,9.666666666666666,827.7333333333333,834.2,1,1,high,2060.314007222992,none
1783693869.539,1783693869539,dsqwen-7b,zm,1595.2800032595487,993.4687597800112,1.6057676575686182,1595.2800032595487,993.4687597800112,1.6057676575686182,12.0,823.4666666666667,829.9,1,1,high,1595.2800032595487,none
1783693876.248,1783693876248,dsllama-8b,zm,1865.8865288416978,1290.915,1.4453984412929572,1865.8865288416978,1290.915,1.4453984412929572,9.333333333333334,704.0,709.5,1,1,high,1865.8865288416978,none
1783693876.248,1783693876248,dsqwen-14b,zm,2183.779173071719,1020.235,2.1404668268307976,2183.779173071719,1020.235,2.1404668268307976,9.666666666666666,759.4666666666667,765.4,1,1,high,2183.779173071719,none
1783693876.248,1783693876248,dsqwen-7b,zm,1768.6235016130097,993.4687597800112,1.780250746892781,1768.6235016130097,993.4687597800112,1.780250746892781,10.666666666666666,768.0,774.0,1,1,high,1768.6235016130097,none
1783693882.797,1783693882797,dsllama-8b,zm,2006.9509203571404,1290.915,1.5546731739557913,2006.9509203571404,1290.915,1.5546731739557913,6.333333333333333,490.6666666666667,494.5,1,1,high,2006.9509203571404,none
1783693882.797,1783693882797,dsqwen-14b,zm,2177.2855669686146,1020.235,2.1341020127408044,2177.2855669686146,1020.235,2.1341020127408044,7.333333333333333,499.2,503.1,1,1,high,2177.2855669686146,none
1783693882.797,1783693882797,dsqwen-7b,zm,1954.119750502906,993.4687597800112,1.9669664810956076,1954.119750502906,993.4687597800112,1.9669664810956076,6.333333333333333,503.46666666666664,507.4,1,1,high,1954.119750502906,none
1783693889.522,1783693889522,dsllama-8b,zm,2038.6171593084273,1290.915,1.5792032467733563,2038.6171593084273,1290.915,1.5792032467733563,10.666666666666666,738.1333333333333,743.9,1,1,high,2038.6171593084273,none
1783693889.522,1783693889522,dsqwen-14b,zm,2085.0204371673635,1020.235,2.0436668386865415,2085.0204371673635,1020.235,2.0436668386865415,13.0,759.4666666666667,765.4,1,1,high,2085.0204371673635,none
1783693889.522,1783693889522,dsqwen-7b,zm,2301.187644373108,993.4687597800112,2.316316060992871,2301.187644373108,993.4687597800112,2.316316060992871,7.333333333333333,759.4666666666667,765.4,1,1,high,2301.187644373108,none
1783693896.192,1783693896192,dsllama-8b,zm,2084.9077573127543,1290.915,1.6150619965782056,2084.9077573127543,1290.915,1.6150619965782056,9.666666666666666,695.4666666666667,700.9,1,1,high,2084.9077573127543,none
1783693896.192,1783693896192,dsqwen-14b,zm,1923.844717312533,1020.235,1.8856878241900474,1923.844717312533,1020.235,1.8856878241900474,15.0,716.8,722.4,1,1,high,1923.844717312533,none
1783693896.192,1783693896192,dsqwen-7b,zm,2669.5939687449563,993.4687597800112,2.6871443540268927,2669.5939687449563,993.4687597800112,2.6871443540268927,7.0,823.4666666666667,829.9,1,1,high,2669.5939687449563,none
1783693902.775,1783693902775,dsllama-8b,zm,2049.510908551477,1290.915,1.5876420279812977,2049.510908551477,1290.915,1.5876420279812977,6.666666666666667,426.6666666666667,430.0,1,1,high,2049.510908551477,none
1783693902.775,1783693902775,dsqwen-14b,zm,1802.0522032250667,1020.235,1.7663109021206551,1802.0522032250667,1020.235,1.7663109021206551,11.0,516.2666666666667,520.3,1,1,high,1802.0522032250667,none
1783693902.775,1783693902775,dsqwen-7b,zm,3070.2687102812615,993.4687597800112,3.0904532025356555,3070.2687102812615,993.4687597800112,3.0904532025356555,4.333333333333333,580.2666666666667,584.8,1,1,high,3070.2687102812615,none
1783693909.409,1783693909409,dsllama-8b,zm,2023.875225297576,1290.915,1.5677834910103112,2023.875225297576,1290.915,1.5677834910103112,11.0,704.0,709.5,1,1,high,2023.875225297576,none
1783693909.409,1783693909409,dsqwen-14b,zm,1717.169816426214,1020.235,1.6831120442115926,1717.169816426214,1020.235,1.6831120442115926,15.333333333333334,725.3333333333334,731.0,1,1,high,1717.169816426214,none
1783693909.409,1783693909409,dsqwen-7b,zm,2935.703258341161,993.4687597800112,2.9550030933949336,2935.703258341161,993.4687597800112,2.9550030933949336,9.666666666666666,819.2,825.6,1,1,high,2935.703258341161,none
1783693917.047,1783693917047,dsllama-8b,zm,2145.961482598556,1290.915,1.6623569193932644,2145.961482598556,1290.915,1.6623569193932644,9.0,708.2666666666667,713.8,1,1,high,2145.961482598556,none
1783693917.047,1783693917047,dsqwen-14b,zm,1684.6909227296144,1020.235,1.6512773260372506,1684.6909227296144,1020.235,1.6512773260372506,13.333333333333334,678.4,683.7,1,1,high,1684.6909227296144,none
1783693917.047,1783693917047,dsqwen-7b,zm,2655.8145161101825,993.4687597800112,2.673274312821143,2655.8145161101825,993.4687597800112,2.673274312821143,12.333333333333334,827.7333333333333,834.2,1,1,high,2655.8145161101825,none
1783693923.679,1783693923679,dsllama-8b,zm,2225.782373184951,1290.915,1.724189720612861,2225.782373184951,1290.915,1.724189720612861,6.666666666666667,529.0666666666667,533.2,1,1,high,2225.782373184951,none
1783693923.679,1783693923679,dsqwen-14b,zm,1682.179295228404,1020.235,1.6488155133164457,1682.179295228404,1020.235,1.6488155133164457,8.0,422.4,425.7,1,1,high,1682.179295228404,none
1783693923.679,1783693923679,dsqwen-7b,zm,2389.4596722936635,993.4687597800112,2.4051684049156954,2389.4596722936635,993.4687597800112,2.4051684049156954,9.0,503.46666666666664,507.4,1,1,high,2389.4596722936635,none
1783693930.091,1783693930091,dsllama-8b,zm,2505.5719988963792,1290.915,1.9409271709573281,2505.5719988963792,1290.915,1.9409271709573281,4.666666666666667,494.93333333333334,498.8,1,1,high,2505.5719988963792,none
1783693930.091,1783693930091,dsqwen-14b,zm,1714.9461738087298,1020.235,1.6809325045785821,1714.9461738087298,1020.235,1.6809325045785821,7.666666666666667,435.2,438.6,1,1,high,1714.9461738087298,none
1783693930.091,1783693930091,dsqwen-7b,zm,2238.2468687213936,993.4687597800112,2.252961501494038,2238.2468687213936,993.4687597800112,2.252961501494038,8.666666666666666,520.5333333333333,524.6,1,1,high,2238.2468687213936,none
1783693936.837,1783693936837,dsllama-8b,zm,2437.951939425734,1290.915,1.888545674522129,2437.951939425734,1290.915,1.888545674522129,9.666666666666666,716.8,722.4,1,1,high,2437.951939425734,none
1783693936.837,1783693936837,dsqwen-14b,zm,1692.1047766327881,1020.235,1.6585441360400184,1692.1047766327881,1020.235,1.6585441360400184,13.333333333333334,686.9333333333333,692.3,1,1,high,1692.1047766327881,none
1783693936.837,1783693936837,dsqwen-7b,zm,2214.289737666625,993.4687597800112,2.228846872001236,2214.289737666625,993.4687597800112,2.228846872001236,11.333333333333334,797.8666666666667,804.1,1,1,high,2214.289737666625,none
1783693943.615,1783693943615,dsllama-8b,zm,2295.0743697719336,1290.915,1.7778663736744353,2295.0743697719336,1290.915,1.7778663736744353,7.333333333333333,465.06666666666666,468.7,1,1,high,2295.0743697719336,none
1783693943.615,1783693943615,dsqwen-14b,zm,1652.6848766373378,1020.235,1.619906077165886,1652.6848766373378,1020.235,1.619906077165886,9.666666666666666,473.6,477.3,1,1,high,1652.6848766373378,none
1783693943.615,1783693943615,dsqwen-7b,zm,2189.7797670554455,993.4687597800112,2.2041757684865093,2189.7797670554455,993.4687597800112,2.2041757684865093,7.666666666666667,533.3333333333334,537.5,1,1,high,2189.7797670554455,none
1783693950.436,1783693950436,dsllama-8b,zm,2005.766767079685,1290.915,1.5537558763200405,2005.766767079685,1290.915,1.5537558763200405,11.0,465.06666666666666,468.7,1,1,high,2005.766767079685,none
1783693950.436,1783693950436,dsqwen-14b,zm,1598.439989968477,1020.235,1.5667370654491142,1598.439989968477,1020.235,1.5667370654491142,11.0,507.73333333333335,511.7,1,1,high,1598.439989968477,none
1783693950.436,1783693950436,dsqwen-7b,zm,2268.5507392467744,993.4687597800112,2.283464595050891,2268.5507392467744,993.4687597800112,2.283464595050891,7.0,563.2,567.6,1,1,high,2268.5507392467744,none
1783693957.389,1783693957389,dsllama-8b,zm,1812.7547379178607,1290.915,1.4042402001044691,1812.7547379178607,1290.915,1.4042402001044691,17.333333333333332,763.7333333333333,769.7,1,1,high,1812.7547379178607,none
1783693957.389,1783693957389,dsqwen-14b,zm,1265.5210606478759,1020.235,1.24042113890219,1265.5210606478759,1020.235,1.24042113890219,44.0,644.2666666666667,649.3,1,1,healthy,1265.5210606478759,none
1783693957.389,1783693957389,dsqwen-7b,zm,2279.8160663762246,993.4687597800112,2.2948039824433493,2279.8160663762246,993.4687597800112,2.2948039824433493,12.0,904.5333333333333,911.6,1,1,high,2279.8160663762246,none
1783693964.184,1783693964184,dsllama-8b,zm,1677.9080364283238,1290.915,1.299781965836886,1677.9080364283238,1290.915,1.299781965836886,12.333333333333334,541.8666666666667,546.1,1,1,high,1677.9080364283238,none
1783693964.184,1783693964184,dsqwen-14b,zm,1033.5253915311794,1020.235,1.0130267943475566,1033.5253915311794,1020.235,1.0130267943475566,95.33333333333333,1382.4,1387.4,1,1,healthy,1033.5253915311794,none
1783693964.184,1783693964184,dsqwen-7b,zm,2215.5283780286118,993.4687597800112,2.2300936554051356,2215.5283780286118,993.4687597800112,2.2300936554051356,9.333333333333334,627.2,632.1,1,1,high,2215.5283780286118,none
1783693970.864,1783693970864,dsllama-8b,zm,1719.4014773138265,1290.915,1.3319246250247512,1719.4014773138265,1290.915,1.3319246250247512,10.666666666666666,635.7333333333333,640.7,1,1,high,1719.4014773138265,none
1783693970.864,1783693970864,dsqwen-14b,zm,852.818641985273,1020.235,0.8359041220750836,852.818641985273,1020.235,0.8359041220750836,90.0,1126.4,1129.4,1,1,healthy,852.818641985273,none
1783693970.864,1783693970864,dsqwen-7b,zm,2203.972912905322,993.4687597800112,2.2184622226000936,2203.972912905322,993.4687597800112,2.2184622226000936,9.666666666666666,686.9333333333333,692.3,1,1,high,2203.972912905322,none
1783693978.547,1783693978547,dsllama-8b,zm,1858.2075007882781,1290.915,1.4394499256637951,1858.2075007882781,1290.915,1.4394499256637951,12.666666666666666,891.7333333333333,898.7,1,1,high,1858.2075007882781,none
1783693978.547,1783693978547,dsqwen-14b,zm,779.2928895199818,1020.235,0.7638366548099034,779.2928895199818,1020.235,0.7638366548099034,149.66666666666666,2935.4666666666667,2942.0,1,2,crit,779.2928895199818,scale_up
1783693978.547,1783693978547,dsqwen-7b,zm,2270.4211424176838,993.4687597800112,2.285347294584718,2270.4211424176838,993.4687597800112,2.285347294584718,12.666666666666666,998.4,1006.2,1,1,high,2270.4211424176838,none
1783693985.34,1783693985340,dsllama-8b,zm,2026.2840157951182,1290.915,1.5696494469388909,2026.2840157951182,1290.915,1.5696494469388909,10.0,797.8666666666667,804.1,1,1,high,2026.2840157951182,none
1783693985.34,1783693985340,dsqwen-14b,zm,792.2226842184716,1020.235,0.7765100042818288,792.2226842184716,1020.235,0.7765100042818288,181.33333333333334,4710.4,4719.6,1,2,crit,792.2226842184716,scale_up
1783693985.34,1783693985340,dsqwen-7b,zm,2228.597259381776,993.4687597800112,2.2432484539073636,2228.597259381776,993.4687597800112,2.2432484539073636,13.333333333333334,925.8666666666667,933.1,1,1,high,2228.597259381776,none
1783693992.212,1783693992212,dsllama-8b,zm,2160.749119851248,1290.915,1.6738120789139859,2160.749119851248,1290.915,1.6738120789139859,5.666666666666667,460.8,464.4,1,1,high,2160.749119851248,none
1783693992.212,1783693992212,dsqwen-14b,zm,837.9381373910512,1020.235,0.8213187524355184,837.9381373910512,1020.235,0.8213187524355184,124.33333333333333,3720.5333333333333,3727.8,1,1,healthy,837.9381373910512,none
1783693992.212,1783693992212,dsqwen-7b,zm,2176.4021575479396,993.4687597800112,2.1907102121961755,2176.4021575479396,993.4687597800112,2.1907102121961755,8.666666666666666,580.2666666666667,584.8,1,1,high,2176.4021575479396,none
1783693999.042,1783693999042,dsllama-8b,zm,2278.5866023660838,1290.915,1.7650942179508982,2278.5866023660838,1290.915,1.7650942179508982,9.0,755.2,761.1,1,1,high,2278.5866023660838,none
1783693999.042,1783693999042,dsqwen-14b,zm,850.3518492324863,1020.235,0.8334862548652872,850.3518492324863,1020.235,0.8334862548652872,197.33333333333334,5478.4,5489.1,1,1,healthy,850.3518492324863,none
1783693999.042,1783693999042,dsqwen-7b,zm,2083.200605319086,993.4687597800112,2.096895936396007,2083.200605319086,993.4687597800112,2.096895936396007,15.0,908.8,915.9,1,1,high,2083.200605319086,none
1783694005.905,1783694005905,dsllama-8b,zm,2124.3992345115303,1290.915,1.6456538459244259,2124.3992345115303,1290.915,1.6456538459244259,13.0,742.4,748.2,1,1,high,2124.3992345115303,none
1783694005.905,1783694005905,dsqwen-14b,zm,860.0453754325629,1020.235,0.8429875229065489,860.0453754325629,1020.235,0.8429875229065489,208.33333333333334,5802.666666666667,5814.0,1,1,healthy,860.0453754325629,none
1783694005.905,1783694005905,dsqwen-7b,zm,1931.2171834247356,993.4687597800112,1.943913348470439,1931.2171834247356,993.4687597800112,1.943913348470439,18.666666666666668,951.4666666666667,958.9,1,1,high,1931.2171834247356,none
1783694013.021,1783694013021,dsllama-8b,zm,2016.1500080302897,1290.915,1.561799195167993,2016.1500080302897,1290.915,1.561799195167993,9.333333333333334,537.6,541.8,1,1,high,2016.1500080302897,none
1783694013.021,1783694013021,dsqwen-14b,zm,859.8402730544648,1020.235,0.8427864884604672,859.8402730544648,1020.235,0.8427864884604672,143.66666666666666,3891.2,3898.8,1,1,healthy,859.8402730544648,none
1783694013.021,1783694013021,dsqwen-7b,zm,1834.192139215396,993.4687597800112,1.846250444373863,1834.192139215396,993.4687597800112,1.846250444373863,13.0,682.6666666666666,688.0,1,1,high,1834.192139215396,none
1783694019.85,1783694019850,dsllama-8b,zm,2066.3588169060886,1290.915,1.6006931648529057,2066.3588169060886,1290.915,1.6006931648529057,13.0,930.1333333333333,937.4,1,1,high,2066.3588169060886,none
1783694019.85,1783694019850,dsqwen-14b,zm,873.4780571658334,1020.235,0.8561537853198855,873.4780571658334,1020.235,0.8561537853198855,214.33333333333334,6126.933333333333,6138.9,1,1,healthy,873.4780571658334,none
1783694019.85,1783694019850,dsqwen-7b,zm,1830.2138414173874,993.4687597800112,1.8422459925389711,1830.2138414173874,993.4687597800112,1.8422459925389711,17.0,1011.2,1019.1,1,1,high,1830.2138414173874,none
1783694026.586,1783694026586,dsllama-8b,zm,2074.78004858277,1290.915,1.6072166243190065,2074.78004858277,1290.915,1.6072166243190065,13.333333333333334,913.0666666666667,920.2,1,1,high,2074.78004858277,none
1783694026.586,1783694026586,dsqwen-14b,zm,889.8782238600658,1020.235,0.8722286765892816,889.8782238600658,1020.235,0.8722286765892816,212.33333333333334,6229.333333333333,6241.5,1,1,healthy,889.8782238600658,none
1783694026.586,1783694026586,dsqwen-7b,zm,1852.6541531012595,993.4687597800112,1.8648338308207115,1852.6541531012595,993.4687597800112,1.8648338308207115,15.666666666666666,977.0666666666667,984.7,1,1,high,1852.6541531012595,none
1783694033.255,1783694033255,dsllama-8b,zm,2279.1699314078014,1290.915,1.7655460904922489,2279.1699314078014,1290.915,1.7655460904922489,7.333333333333333,669.8666666666667,675.1,1,1,high,2279.1699314078014,none
1783694033.255,1783694033255,dsqwen-14b,zm,897.6708775757763,1020.235,0.8798667734157094,897.6708775757763,1020.235,0.8798667734157094,141.66666666666666,4096.0,4104.0,1,1,healthy,897.6708775757763,none
1783694033.255,1783694033255,dsqwen-7b,zm,1927.9780085111038,993.4687597800112,1.940652878645148,1927.9780085111038,993.4687597800112,1.940652878645148,9.0,622.9333333333333,627.8,1,1,high,1927.9780085111038,none
1783694040.192,1783694040192,dsllama-8b,zm,2426.9586656821907,1290.915,1.8800297972230477,2426.9586656821907,1290.915,1.8800297972230477,6.333333333333333,576.0,580.5,1,1,high,2426.9586656821907,none
1783694040.192,1783694040192,dsqwen-14b,zm,887.2754021169538,1020.235,0.8696774783426895,887.2754021169538,1020.235,0.8696774783426895,146.33333333333334,3976.5333333333333,3984.3,1,1,healthy,887.2754021169538,none
1783694040.192,1783694040192,dsqwen-7b,zm,2029.717100118553,993.4687597800112,2.0430608211253705,2029.717100118553,993.4687597800112,2.0430608211253705,8.666666666666666,644.2666666666667,649.3,1,1,high,2029.717100118553,none
1783694046.744,1783694046744,dsllama-8b,zm,2341.747884092751,1290.915,1.81402174743709,2341.747884092751,1290.915,1.81402174743709,12.0,832.0,838.5,1,1,high,2341.747884092751,none
1783694046.744,1783694046744,dsqwen-14b,zm,893.0102174853682,1020.235,0.8752985512998165,893.0102174853682,1020.235,0.8752985512998165,215.33333333333334,6161.066666666667,6173.1,1,1,healthy,893.0102174853682,none
1783694046.744,1783694046744,dsqwen-7b,zm,2125.2258982130234,993.4687597800112,2.139197511035599,2125.2258982130234,993.4687597800112,2.139197511035599,12.333333333333334,955.7333333333333,963.2,1,1,high,2125.2258982130234,none
1783694053.344,1783694053344,dsllama-8b,zm,2256.1039782482358,1290.915,1.7476781803978076,2256.1039782482358,1290.915,1.7476781803978076,8.333333333333334,554.6666666666666,559.0,1,1,high,2256.1039782482358,none
1783694053.344,1783694053344,dsqwen-14b,zm,907.7447714548157,1020.235,0.8897408650505184,907.7447714548157,1020.235,0.8897408650505184,144.33333333333334,4300.8,4309.2,1,1,healthy,907.7447714548157,none
1783694053.344,1783694053344,dsqwen-7b,zm,2303.6419999992286,993.4687597800112,2.3187865519891493,2303.6419999992286,993.4687597800112,2.3187865519891493,7.333333333333333,661.3333333333334,666.5,1,1,high,2303.6419999992286,none
1783694060.07,1783694060070,dsllama-8b,zm,1960.7317248075744,1290.915,1.518869735658486,1960.7317248075744,1290.915,1.518869735658486,14.0,558.9333333333333,563.3,1,1,high,1960.7317248075744,none
1783694060.07,1783694060070,dsqwen-14b,zm,947.3298720830976,1020.235,0.9285408480233452,947.3298720830976,1020.235,0.9285408480233452,133.0,4386.133333333333,4394.7,1,1,healthy,947.3298720830976,none
1783694060.07,1783694060070,dsqwen-7b,zm,2293.033345868049,993.4687597800112,2.308108154679979,2293.033345868049,993.4687597800112,2.308108154679979,9.333333333333334,691.2,696.6,1,1,high,2293.033345868049,none
1783694066.661,1783694066661,dsllama-8b,zm,1852.215963219077,1290.915,1.4348086149894277,1852.215963219077,1290.915,1.4348086149894277,18.0,925.8666666666667,933.1,1,1,high,1852.215963219077,none
1783694066.661,1783694066661,dsqwen-14b,zm,964.6065278971107,1020.235,0.9454748444202666,964.6065278971107,1020.235,0.9454748444202666,199.66666666666666,6348.8,6361.2,1,1,healthy,964.6065278971107,none
1783694066.661,1783694066661,dsqwen-7b,zm,2340.170997120885,993.4687597800112,2.3555556972310647,2340.170997120885,993.4687597800112,2.3555556972310647,13.0,1045.3333333333333,1053.5,1,1,high,2340.170997120885,none
1783694073.026,1783694073026,dsllama-8b,zm,1800.4346982297677,1290.915,1.394696551074058,1800.4346982297677,1290.915,1.394696551074058,12.333333333333334,669.8666666666667,675.1,1,1,high,1800.4346982297677,none
1783694073.026,1783694073026,dsqwen-14b,zm,977.2970392026488,1020.235,0.9579136563660811,977.2970392026488,1020.235,0.9579136563660811,130.66666666666666,4164.266666666666,4172.4,1,1,healthy,977.2970392026488,none
1783694073.026,1783694073026,dsqwen-7b,zm,2358.2244172246665,993.4687597800112,2.3737278037276783,2358.2244172246665,993.4687597800112,2.3737278037276783,9.333333333333334,733.8666666666667,739.6,1,1,high,2358.2244172246665,none
1783694079.463,1783694079463,dsllama-8b,zm,1889.1155327204965,1290.915,1.4633926577044163,1889.1155327204965,1290.915,1.4633926577044163,14.333333333333334,994.1333333333333,1001.9,1,1,high,1889.1155327204965,none
1783694079.463,1783694079463,dsqwen-14b,zm,974.6471240278988,1020.235,0.9553162987232342,974.6471240278988,1020.235,0.9553162987232342,200.33333333333334,6109.866666666667,6121.8,1,1,healthy,974.6471240278988,none
1783694079.463,1783694079463,dsqwen-7b,zm,2270.7372522177093,993.4687597800112,2.285665482546759,2270.7372522177093,993.4687597800112,2.285665482546759,16.0,1066.6666666666667,1075.0,1,1,high,2270.7372522177093,none
1783694086.249,1783694086249,dsllama-8b,zm,2183.412382730978,1290.915,1.6913680472618091,2183.412382730978,1290.915,1.6913680472618091,10.0,951.4666666666667,958.9,1,1,high,2183.412382730978,none
1783694086.249,1783694086249,dsqwen-14b,zm,953.4754106612316,1020.235,0.934564498043325,953.4754106612316,1020.235,0.934564498043325,210.33333333333334,5973.333333333333,5985.0,1,1,healthy,953.4754106612316,none
1783694086.249,1783694086249,dsqwen-7b,zm,2178.6540559795035,993.4687597800112,2.192976915008313,2178.6540559795035,993.4687597800112,2.192976915008313,16.333333333333332,1041.0666666666666,1049.2,1,1,high,2178.6540559795035,none
1783694092.837,1783694092837,dsllama-8b,zm,2407.413024911337,1290.915,1.8648888772005414,2407.413024911337,1290.915,1.8648888772005414,6.0,584.5333333333333,589.1,1,1,high,2407.413024911337,none
1783694092.837,1783694092837,dsqwen-14b,zm,934.4669914803573,1020.235,0.9159330854953587,934.4669914803573,1020.235,0.9159330854953587,143.66666666666666,4010.6666666666665,4018.5,1,1,healthy,934.4669914803573,none
1783694092.837,1783694092837,dsqwen-7b,zm,2033.0236811053073,993.4687597800112,2.0463891401632903,2033.0236811053073,993.4687597800112,2.0463891401632903,12.666666666666666,686.9333333333333,692.3,1,1,high,2033.0236811053073,none
1783694100.217,1783694100217,dsllama-8b,zm,2225.7797982415077,1290.915,1.724187725947493,2225.7797982415077,1290.915,1.724187725947493,9.333333333333334,554.6666666666666,559.0,1,1,high,2225.7797982415077,none
1783694100.217,1783694100217,dsqwen-14b,zm,933.0521530149595,1020.235,0.9145463084632065,933.0521530149595,1020.235,0.9145463084632065,145.0,4249.6,4257.9,1,1,healthy,933.0521530149595,none
1783694100.217,1783694100217,dsqwen-7b,zm,2041.2843809944657,993.4687597800112,2.0547041473618934,2041.2843809944657,993.4687597800112,2.0547041473618934,10.333333333333334,695.4666666666667,700.9,1,1,high,2041.2843809944657,none
1783694107.082,1783694107082,dsllama-8b,zm,2102.656327088663,1290.915,1.6288108257233538,2102.656327088663,1290.915,1.6288108257233538,15.0,883.2,890.1,1,1,high,2102.656327088663,none
1783694107.082,1783694107082,dsqwen-14b,zm,932.6039837623894,1020.235,0.9141070280498016,932.6039837623894,1020.235,0.9141070280498016,215.66666666666666,6331.733333333334,6344.1,1,1,healthy,932.6039837623894,none
1783694107.082,1783694107082,dsqwen-7b,zm,2081.9584606952494,993.4687597800112,2.0956456256926166,2081.9584606952494,993.4687597800112,2.0956456256926166,14.666666666666666,1045.3333333333333,1053.5,1,1,high,2081.9584606952494,none
1783694113.899,1783694113899,dsllama-8b,zm,1995.930967316084,1290.915,1.5461366296898589,1995.930967316084,1290.915,1.5461366296898589,11.0,622.9333333333333,627.8,1,1,high,1995.930967316084,none
1783694113.899,1783694113899,dsqwen-14b,zm,850.6197769477238,1020.235,0.8337488685917693,850.6197769477238,1020.235,0.8337488685917693,208.66666666666666,4266.666666666667,4275.0,1,1,healthy,850.6197769477238,none
1783694113.899,1783694113899,dsqwen-7b,zm,2185.6162480888697,993.4687597800112,2.1999848778061644,2185.6162480888697,993.4687597800112,2.1999848778061644,8.666666666666666,691.2,696.6,1,1,high,2185.6162480888697,none
1783694120.379,1783694120379,dsllama-8b,zm,1898.2938463727965,1290.915,1.4705025864389185,1898.2938463727965,1290.915,1.4705025864389185,12.0,644.2666666666667,649.3,1,1,high,1898.2938463727965,none
1783694120.379,1783694120379,dsqwen-14b,zm,885.1754165004791,1020.235,0.8676191431390602,885.1754165004791,1020.235,0.8676191431390602,137.66666666666666,4232.533333333334,4240.8,1,1,healthy,885.1754165004791,none
1783694120.379,1783694120379,dsqwen-7b,zm,2207.999620755294,993.4687597800112,2.2225154027432352,2207.999620755294,993.4687597800112,2.2225154027432352,9.333333333333334,691.2,696.6,1,1,high,2207.999620755294,none
1783694126.872,1783694126872,dsllama-8b,zm,1808.4160811140891,1290.915,1.4008792841620783,1808.4160811140891,1290.915,1.4008792841620783,18.333333333333332,942.9333333333333,950.3,1,1,high,1808.4160811140891,none
1783694126.872,1783694126872,dsqwen-14b,zm,900.5862850805686,1020.235,0.8827243577024593,900.5862850805686,1020.235,0.8827243577024593,210.66666666666666,6246.4,6258.6,1,1,healthy,900.5862850805686,none
1783694126.872,1783694126872,dsqwen-7b,zm,2266.02803330722,993.4687597800112,2.280925304394069,2266.02803330722,993.4687597800112,2.280925304394069,13.666666666666666,1079.4666666666667,1087.9,1,1,high,2266.02803330722,none
1783694133.48,1783694133480,dsllama-8b,zm,1717.274570700648,1290.915,1.3302770288521304,1717.274570700648,1290.915,1.3302770288521304,12.666666666666666,614.4,619.2,1,1,high,1717.274570700648,none
1783694133.48,1783694133480,dsqwen-14b,zm,912.7317748058774,1020.235,0.894628957843906,912.7317748058774,1020.235,0.894628957843906,140.0,4164.266666666666,4172.4,1,1,healthy,912.7317748058774,none
1783694133.48,1783694133480,dsqwen-7b,zm,2301.587943919523,993.4687597800112,2.3167189921796587,2301.587943919523,993.4687597800112,2.3167189921796587,9.333333333333334,729.6,735.3,1,1,high,2301.587943919523,none
1783694140.125,1783694140125,dsllama-8b,zm,1789.478677945997,1290.915,1.3862095319567882,1789.478677945997,1290.915,1.3862095319567882,9.333333333333334,601.6,606.3,1,1,high,1789.478677945997,none
1783694140.125,1783694140125,dsqwen-14b,zm,907.6043128430513,1020.235,0.8896031922479147,907.6043128430513,1020.235,0.8896031922479147,144.66666666666666,4078.9333333333334,4086.9,1,1,healthy,907.6043128430513,none
1783694140.125,1783694140125,dsqwen-7b,zm,2303.532840531161,993.4687597800112,2.3186766748873353,2303.532840531161,993.4687597800112,2.3186766748873353,9.333333333333334,704.0,709.5,1,1,high,2303.532840531161,none
1783694146.396,1783694146396,dsllama-8b,zm,1887.7437974446211,1290.915,1.4623300507350376,1887.7437974446211,1290.915,1.4623300507350376,12.666666666666666,891.7333333333333,898.7,1,1,high,1887.7437974446211,none
1783694146.396,1783694146396,dsqwen-14b,zm,902.0526437308057,1020.235,0.8841616330853241,902.0526437308057,1020.235,0.8841616330853241,221.0,6178.133333333333,6190.2,1,1,healthy,902.0526437308057,none
1783694146.396,1783694146396,dsqwen-7b,zm,2224.1804631173536,993.4687597800112,2.238802620839195,2224.1804631173536,993.4687597800112,2.238802620839195,15.666666666666666,1028.2666666666667,1036.3,1,1,high,2224.1804631173536,none
1783694153.099,1783694153099,dsllama-8b,zm,2166.28896581198,1290.915,1.6781034892397872,2166.28896581198,1290.915,1.6781034892397872,6.333333333333333,593.0666666666667,597.7,1,1,high,2166.28896581198,none
1783694153.099,1783694153099,dsqwen-14b,zm,899.4004394317926,1020.235,0.8815620317199396,899.4004394317926,1020.235,0.8815620317199396,148.0,4164.266666666666,4172.4,1,1,healthy,899.4004394317926,none
1783694153.099,1783694153099,dsqwen-7b,zm,2082.958926531312,993.4687597800112,2.0966526687689226,2082.958926531312,993.4687597800112,2.0966526687689226,11.333333333333334,640.0,645.0,1,1,high,2082.958926531312,none
1783694159.53,1783694159530,dsllama-8b,zm,2178.0275012031234,1290.915,1.6871966792570567,2178.0275012031234,1290.915,1.6871966792570567,12.0,866.1333333333333,872.9,1,1,high,2178.0275012031234,none
1783694159.53,1783694159530,dsqwen-14b,zm,895.317765940857,1020.235,0.8775603326104839,895.317765940857,1020.235,0.8775603326104839,224.66666666666666,6263.466666666666,6275.7,1,1,healthy,895.317765940857,none
1783694159.53,1783694159530,dsqwen-7b,zm,2057.958321137002,993.4687597800112,2.0714877049507887,2057.958321137002,993.4687597800112,2.0714877049507887,15.666666666666666,1019.7333333333333,1027.7,1,1,high,2057.958321137002,none
1783694166.063,1783694166063,dsllama-8b,zm,2087.62101816054,1290.915,1.6171638087407305,2087.62101816054,1290.915,1.6171638087407305,13.666666666666666,827.7333333333333,834.2,1,1,high,2087.62101816054,none
1783694166.063,1783694166063,dsqwen-14b,zm,899.2243942610356,1020.235,0.8813894781702604,899.2243942610356,1020.235,0.8813894781702604,228.66666666666666,6553.6,6566.4,1,1,healthy,899.2243942610356,none
1783694166.063,1783694166063,dsqwen-7b,zm,2134.716136119775,993.4687597800112,2.148750139453279,2134.716136119775,993.4687597800112,2.148750139453279,15.333333333333334,1169.0666666666666,1178.2,1,1,high,2134.716136119775,none
1783694172.975,1783694172975,dsllama-8b,zm,1942.8665943793958,1290.915,1.5050306134636253,1942.8665943793958,1290.915,1.5050306134636253,10.333333333333334,537.6,541.8,1,1,high,1942.8665943793958,none
1783694172.975,1783694172975,dsqwen-14b,zm,907.5666039263566,1020.235,0.8895662312372704,907.5666039263566,1020.235,0.8895662312372704,152.33333333333334,4454.4,4463.1,1,1,healthy,907.5666039263566,none
1783694172.975,1783694172975,dsqwen-7b,zm,2350.375838392928,993.4687597800112,2.3658276269435827,2350.375838392928,993.4687597800112,2.3658276269435827,9.0,844.8,851.4,1,1,high,2350.375838392928,none
1783694179.596,1783694179596,dsllama-8b,zm,1868.1257967848617,1290.915,1.447133077534045,1868.1257967848617,1290.915,1.447133077534045,15.333333333333334,840.5333333333333,847.1,1,1,high,1868.1257967848617,none
1783694179.596,1783694179596,dsqwen-14b,zm,912.0561306512682,1020.235,0.8939667141896408,912.0561306512682,1020.235,0.8939667141896408,226.33333333333334,6587.733333333334,6600.6,1,1,healthy,912.0561306512682,none
1783694179.596,1783694179596,dsqwen-7b,zm,2471.838732740462,993.4687597800112,2.488089039949091,2471.838732740462,993.4687597800112,2.488089039949091,13.333333333333334,1211.7333333333333,1221.2,1,1,high,2471.838732740462,none
1783694186.656,1783694186656,dsllama-8b,zm,1823.1739943909074,1290.915,1.4123114181730845,1823.1739943909074,1290.915,1.4123114181730845,15.666666666666666,878.9333333333333,885.8,1,1,high,1823.1739943909074,none
1783694186.656,1783694186656,dsqwen-14b,zm,912.5679657372618,1020.235,0.894468397709608,912.5679657372618,1020.235,0.894468397709608,229.33333333333334,6604.8,6617.7,1,1,healthy,912.5679657372618,none
1783694186.656,1783694186656,dsqwen-7b,zm,2499.813806574867,993.4687597800112,2.516248026891569,2499.813806574867,993.4687597800112,2.516248026891569,13.333333333333334,1117.8666666666666,1126.6,1,1,high,2499.813806574867,none
1783694193.603,1783694193603,dsllama-8b,zm,1789.7911259402288,1290.915,1.3864515680275067,1789.7911259402288,1290.915,1.3864515680275067,11.0,614.4,619.2,1,1,high,1789.7911259402288,none
1783694193.603,1783694193603,dsqwen-14b,zm,902.2591762384786,1020.235,0.8843640692962687,902.2591762384786,1020.235,0.8843640692962687,153.66666666666666,4249.6,4257.9,1,1,healthy,902.2591762384786,none
1783694193.603,1783694193603,dsqwen-7b,zm,2442.7174518932293,993.4687597800112,2.45877631062514,2442.7174518932293,993.4687597800112,2.45877631062514,8.666666666666666,652.8,657.9,1,1,high,2442.7174518932293,none
1783694200.198,1783694200198,dsllama-8b,zm,1815.229359692927,1290.915,1.4061571518596707,1815.229359692927,1290.915,1.4061571518596707,10.0,614.4,619.2,1,1,high,1815.229359692927,none
1783694200.198,1783694200198,dsqwen-14b,zm,877.9255138659184,1020.235,0.8605130326502408,877.9255138659184,1020.235,0.8605130326502408,160.0,4113.066666666667,4121.1,1,1,healthy,877.9255138659184,none
1783694200.198,1783694200198,dsqwen-7b,zm,2266.0036743566106,993.4687597800112,2.280900785303388,2266.0036743566106,993.4687597800112,2.280900785303388,9.0,533.3333333333334,537.5,1,1,high,2266.0036743566106,none
1783694206.767,1783694206767,dsllama-8b,zm,1852.845043309735,1290.915,1.435295928321954,1852.845043309735,1290.915,1.435295928321954,14.333333333333334,913.0666666666667,920.2,1,1,high,1852.845043309735,none
1783694206.767,1783694206767,dsqwen-14b,zm,879.1738579580478,1020.235,0.8617366175028771,879.1738579580478,1020.235,0.8617366175028771,239.33333333333334,6656.0,6669.0,1,1,healthy,879.1738579580478,none
1783694206.767,1783694206767,dsqwen-7b,zm,2194.0311150357893,993.4687597800112,2.208455065584171,2194.0311150357893,993.4687597800112,2.208455065584171,13.0,853.3333333333334,860.0,1,1,high,2194.0311150357893,none
1783694213.276,1783694213276,dsllama-8b,zm,1951.898972002476,1290.915,1.5120274936788836,1951.898972002476,1290.915,1.5120274936788836,8.333333333333334,601.6,606.3,1,1,high,1951.898972002476,none
1783694213.276,1783694213276,dsqwen-14b,zm,885.5479682047214,1020.235,0.8679843057773174,885.5479682047214,1020.235,0.8679843057773174,159.66666666666666,4539.733333333334,4548.6,1,1,healthy,885.5479682047214,none
1783694213.276,1783694213276,dsqwen-7b,zm,2141.213340270371,993.4687597800112,2.155290057378866,2141.213340270371,993.4687597800112,2.155290057378866,8.666666666666666,567.4666666666667,571.9,1,1,high,2141.213340270371,none
1783694220.125,1783694220125,dsllama-8b,zm,1898.906532688592,1290.915,1.4709772004265131,1898.906532688592,1290.915,1.4709772004265131,10.333333333333334,597.3333333333334,602.0,1,1,high,1898.906532688592,none
1783694220.125,1783694220125,dsqwen-14b,zm,893.5476452850687,1020.235,0.8758253199361605,893.5476452850687,1020.235,0.8758253199361605,158.33333333333334,4556.8,4565.7,1,1,healthy,893.5476452850687,none
1783694220.125,1783694220125,dsqwen-7b,zm,2295.7211000681186,993.4687597800112,2.3108135786539195,2295.7211000681186,993.4687597800112,2.3108135786539195,7.666666666666667,669.8666666666667,675.1,1,1,high,2295.7211000681186,none
1783694226.95,1783694226950,dsllama-8b,zm,1846.3104831856122,1290.915,1.4302339682981546,1846.3104831856122,1290.915,1.4302339682981546,15.666666666666666,878.9333333333333,885.8,1,1,high,1846.3104831856122,none
1783694226.95,1783694226950,dsqwen-14b,zm,904.9184681233431,1020.235,0.8869706176746956,904.9184681233431,1020.235,0.8869706176746956,235.66666666666666,6929.066666666667,6942.6,1,1,healthy,904.9184681233431,none
1783694226.95,1783694226950,dsqwen-7b,zm,2530.753130081211,993.4687597800112,2.5473907510102367,2530.753130081211,993.4687597800112,2.5473907510102367,10.333333333333334,1049.6,1057.8,1,1,high,2530.753130081211,none
1783694233.709,1783694233709,dsllama-8b,zm,1766.2014101015445,1290.915,1.3681779281374409,1766.2014101015445,1290.915,1.3681779281374409,11.333333333333334,580.2666666666667,584.8,1,1,high,1766.2014101015445,none
1783694233.709,1783694233709,dsqwen-14b,zm,900.692024845648,1020.235,0.8828280002603792,900.692024845648,1020.235,0.8828280002603792,156.33333333333334,4386.133333333333,4394.7,1,1,healthy,900.692024845648,none
1783694233.709,1783694233709,dsqwen-7b,zm,2816.0616294447464,993.4687597800112,2.834574919163358,2816.0616294447464,993.4687597800112,2.834574919163358,6.333333333333333,729.6,735.3,1,1,high,2816.0616294447464,none
1783694240.365,1783694240365,dsllama-8b,zm,1726.107145739304,1290.915,1.3371191331259642,1726.107145739304,1290.915,1.3371191331259642,11.333333333333334,601.6,606.3,1,1,high,1726.107145739304,none
1783694240.365,1783694240365,dsqwen-14b,zm,895.0580987219086,1020.235,0.8773058155443683,895.0580987219086,1020.235,0.8773058155443683,158.0,4386.133333333333,4394.7,1,1,healthy,895.0580987219086,none
1783694240.365,1783694240365,dsqwen-7b,zm,2722.8230806398533,993.4687597800112,2.7407234035650823,2722.8230806398533,993.4687597800112,2.7407234035650823,7.666666666666667,622.9333333333333,627.8,1,1,high,2722.8230806398533,none
1783694247.398,1783694247398,dsllama-8b,zm,1687.527212245779,1290.915,1.3072334059529707,1687.527212245779,1290.915,1.3072334059529707,18.0,938.6666666666666,946.0,1,1,high,1687.527212245779,none
1783694247.398,1783694247398,dsqwen-14b,zm,897.5638275795329,1020.235,0.8797618466133126,897.5638275795329,1020.235,0.8797618466133126,237.33333333333334,6758.4,6771.6,1,1,healthy,897.5638275795329,none
1783694247.398,1783694247398,dsqwen-7b,zm,2548.5439646249424,993.4687597800112,2.565298545662653,2548.5439646249424,993.4687597800112,2.565298545662653,13.333333333333334,930.1333333333333,937.4,1,1,high,2548.5439646249424,none
1783694254.36,1783694254360,dsllama-8b,zm,1546.136213542515,1290.915,1.1977056688802246,1546.136213542515,1290.915,1.1977056688802246,16.666666666666668,657.0666666666667,662.2,1,1,healthy,1546.136213542515,none
1783694254.36,1783694254360,dsqwen-14b,zm,890.0839900136828,1020.235,0.8724303616457804,890.0839900136828,1020.235,0.8724303616457804,239.66666666666666,6587.733333333334,6600.6,1,1,healthy,890.0839900136828,none
1783694254.36,1783694254360,dsqwen-7b,zm,2263.5847934376025,993.4687597800112,2.2784660022312524,2263.5847934376025,993.4687597800112,2.2784660022312524,10.666666666666666,550.4,554.7,1,1,high,2263.5847934376025,none
1783694261.338,1783694261338,dsllama-8b,zm,1606.3547285688287,1290.915,1.2443536007938778,1606.3547285688287,1290.915,1.2443536007938778,10.666666666666666,610.1333333333333,614.9,1,1,healthy,1606.3547285688287,none
1783694261.338,1783694261338,dsqwen-14b,zm,896.7489869563083,1020.235,0.8789631672666672,896.7489869563083,1020.235,0.8789631672666672,159.0,4573.866666666667,4582.8,1,1,healthy,896.7489869563083,none
1783694261.338,1783694261338,dsqwen-7b,zm,2137.728377286437,993.4687597800112,2.151782183628809,2137.728377286437,993.4687597800112,2.151782183628809,10.666666666666666,640.0,645.0,1,1,high,2137.728377286437,none
1783694268.237,1783694268237,dsllama-8b,zm,1769.3009493044078,1290.915,1.3705789686419383,1769.3009493044078,1290.915,1.3705789686419383,12.666666666666666,896.0,903.0,1,1,high,1769.3009493044078,none
1783694268.237,1783694268237,dsqwen-14b,zm,904.9988131117545,1020.235,0.8870493691274604,904.9988131117545,1020.235,0.8870493691274604,237.66666666666666,6929.066666666667,6942.6,1,1,healthy,904.9988131117545,none
1783694268.237,1783694268237,dsqwen-7b,zm,2016.9251484938968,993.4687597800112,2.030184772936911,2016.9251484938968,993.4687597800112,2.030184772936911,16.666666666666668,938.6666666666666,946.0,1,1,high,2016.9251484938968,none
1783694275.065,1783694275065,dsllama-8b,zm,1994.031748234751,1290.915,1.5446654103753934,1994.031748234751,1290.915,1.5446654103753934,10.0,832.0,838.5,1,1,high,1994.031748234751,none
1783694275.065,1783694275065,dsqwen-14b,zm,896.7962919685943,1020.235,0.8790095340471502,896.7962919685943,1020.235,0.8790095340471502,239.66666666666666,6621.866666666667,6634.8,1,1,healthy,896.7962919685943,none
1783694275.065,1783694275065,dsqwen-7b,zm,1782.9243561080596,993.4687597800112,1.7946456177473176,1782.9243561080596,993.4687597800112,1.7946456177473176,16.0,631.4666666666667,636.4,1,1,high,1782.9243561080596,none
1783694282.098,1783694282098,dsllama-8b,zm,2248.099297146248,1290.915,1.7414773994773072,2248.099297146248,1290.915,1.7414773994773072,6.0,558.9333333333333,563.3,1,1,high,2248.099297146248,none
1783694282.098,1783694282098,dsqwen-14b,zm,890.7935258309305,1020.235,0.8731258247667748,890.7935258309305,1020.235,0.8731258247667748,160.0,4420.266666666666,4428.9,1,1,healthy,890.7935258309305,none
1783694282.098,1783694282098,dsqwen-7b,zm,1806.881911839635,993.4687597800112,1.8187606747088274,1806.881911839635,993.4687597800112,1.8187606747088274,11.0,669.8666666666667,675.1,1,1,high,1806.881911839635,none
1783694289.033,1783694289033,dsllama-8b,zm,2388.9156437228403,1290.915,1.850559985531844,2388.9156437228403,1290.915,1.850559985531844,9.666666666666666,861.8666666666667,868.6,1,1,high,2388.9156437228403,none
1783694289.033,1783694289033,dsqwen-14b,zm,893.6332139660108,1020.235,0.875909191476484,893.6332139660108,1020.235,0.875909191476484,239.33333333333334,6792.533333333334,6805.8,1,1,healthy,893.6332139660108,none
1783694289.033,1783694289033,dsqwen-7b,zm,1880.064049319139,993.4687597800112,1.8924239245685504,1880.064049319139,993.4687597800112,1.8924239245685504,16.0,1075.2,1083.6,1,1,high,1880.064049319139,none
1783694295.873,1783694295873,dsllama-8b,zm,2297.148966397362,1290.915,1.7794734482110457,2297.148966397362,1290.915,1.7794734482110457,12.666666666666666,857.6,864.3,1,1,high,2297.148966397362,none
1783694295.873,1783694295873,dsqwen-14b,zm,885.0487449427757,1020.235,0.8674949839426952,885.0487449427757,1020.235,0.8674949839426952,240.66666666666666,6553.6,6566.4,1,1,healthy,885.0487449427757,none
1783694295.873,1783694295873,dsqwen-7b,zm,1989.7529019984675,993.4687597800112,2.0028338912630415,1989.7529019984675,993.4687597800112,2.0028338912630415,15.666666666666666,1156.2666666666667,1165.3,1,1,high,1989.7529019984675,none
1783694303.079,1783694303079,dsllama-8b,zm,2226.6646880335834,1290.915,1.7248732008177017,2226.6646880335834,1290.915,1.7248732008177017,8.666666666666666,584.5333333333333,589.1,1,1,high,2226.6646880335834,none
1783694303.079,1783694303079,dsqwen-14b,zm,887.6995331785945,1020.235,0.8700931973306096,887.6995331785945,1020.235,0.8700931973306096,159.33333333333334,4488.533333333334,4497.3,1,1,healthy,887.6995331785945,none
1783694303.079,1783694303079,dsqwen-7b,zm,2069.244068125964,993.4687597800112,2.082847646446545,2069.244068125964,993.4687597800112,2.082847646446545,10.666666666666666,785.0666666666667,791.2,1,1,high,2069.244068125964,none
1783694309.829,1783694309829,dsllama-8b,zm,2182.749605301431,1290.915,1.6908546304763916,2182.749605301431,1290.915,1.6908546304763916,13.666666666666666,925.8666666666667,933.1,1,1,high,2182.749605301431,none
1783694309.829,1783694309829,dsqwen-14b,zm,896.8032738032474,1020.235,0.8790163774064284,896.8032738032474,1020.235,0.8790163774064284,237.33333333333334,6877.866666666667,6891.3,1,1,healthy,896.8032738032474,none
1783694309.829,1783694309829,dsqwen-7b,zm,2219.257370511378,993.4687597800112,2.2338471629473275,2219.257370511378,993.4687597800112,2.2338471629473275,14.0,1186.1333333333334,1195.4,1,1,high,2219.257370511378,none
1783694316.607,1783694316607,dsllama-8b,zm,2154.051150362447,1290.915,1.6686235347505043,2154.051150362447,1290.915,1.6686235347505043,13.666666666666666,930.1333333333333,937.4,1,1,high,2154.051150362447,none
1783694316.607,1783694316607,dsqwen-14b,zm,897.5601922361627,1020.235,0.8797582833721277,897.5601922361627,1020.235,0.8797582833721277,236.0,6690.133333333333,6703.2,1,1,healthy,897.5601922361627,none
1783694316.607,1783694316607,dsqwen-7b,zm,2192.2778051264386,993.4687597800112,2.2066902291038177,2192.2778051264386,993.4687597800112,2.2066902291038177,15.666666666666666,1088.0,1096.5,1,1,high,2192.2778051264386,none
1783694323.427,1783694323427,dsllama-8b,zm,2193.382146177544,1290.915,1.699091068100955,2193.382146177544,1290.915,1.699091068100955,8.666666666666666,648.5333333333333,653.6,1,1,high,2193.382146177544,none
1783694323.427,1783694323427,dsqwen-14b,zm,817.6683081415712,1020.235,0.80145094820465,817.6683081415712,1020.235,0.80145094820465,233.66666666666666,4573.866666666667,4582.8,1,1,healthy,817.6683081415712,none
1783694323.427,1783694323427,dsqwen-7b,zm,2185.1554635207062,993.4687597800112,2.199521063958344,2185.1554635207062,993.4687597800112,2.199521063958344,10.0,708.2666666666667,713.8,1,1,high,2185.1554635207062,none
1783694330.387,1783694330387,dsllama-8b,zm,2058.6186132653856,1290.915,1.5946972599012217,2058.6186132653856,1290.915,1.5946972599012217,9.333333333333334,529.0666666666667,533.2,1,1,high,2058.6186132653856,none
1783694330.387,1783694330387,dsqwen-14b,zm,845.2119002374964,1020.235,0.8284482499007546,845.2119002374964,1020.235,0.8284482499007546,155.66666666666666,4471.466666666666,4480.2,1,1,healthy,845.2119002374964,none
1783694330.387,1783694330387,dsqwen-7b,zm,2046.2307432446041,993.4687597800112,2.0596830278767007,2046.2307432446041,993.4687597800112,2.0596830278767007,11.666666666666666,652.8,657.9,1,1,high,2046.2307432446041,none
1783694337.534,1783694337534,dsllama-8b,zm,2022.5595707756136,1290.915,1.5667643266796139,2022.5595707756136,1290.915,1.5667643266796139,13.0,823.4666666666667,829.9,1,1,high,2022.5595707756136,none
1783694337.534,1783694337534,dsqwen-14b,zm,860.887737270818,1020.235,0.843813177621644,860.887737270818,1020.235,0.843813177621644,235.33333333333334,6656.0,6669.0,1,1,healthy,860.887737270818,none
1783694337.534,1783694337534,dsqwen-7b,zm,1997.8601006321014,993.4687597800112,2.0109943880615813,1997.8601006321014,993.4687597800112,2.0109943880615813,16.0,985.6,993.3,1,1,high,1997.8601006321014,none
1783694344.471,1783694344471,dsllama-8b,zm,1752.8531202419822,1290.915,1.3578377509301405,1752.8531202419822,1290.915,1.3578377509301405,14.333333333333334,516.2666666666667,520.3,1,1,high,1752.8531202419822,none
1783694344.471,1783694344471,dsqwen-14b,zm,876.6844533985819,1020.235,0.8592965869614176,876.6844533985819,1020.235,0.8592965869614176,235.0,6775.466666666666,6788.7,1,1,healthy,876.6844533985819,none
1783694344.471,1783694344471,dsqwen-7b,zm,2064.292589703481,993.4687597800112,2.0778636161247666,2064.292589703481,993.4687597800112,2.0778636161247666,9.333333333333334,678.4,683.7,1,1,high,2064.292589703481,none
1783694351.291,1783694351291,dsllama-8b,zm,1803.6238360139355,1290.915,1.397166998612562,1803.6238360139355,1290.915,1.397166998612562,8.666666666666666,546.1333333333333,550.4,1,1,high,1803.6238360139355,none
1783694351.291,1783694351291,dsqwen-14b,zm,884.9158864942203,1020.235,0.8673647605642036,884.9158864942203,1020.235,0.8673647605642036,157.33333333333334,4488.533333333334,4497.3,1,1,healthy,884.9158864942203,none
1783694351.291,1783694351291,dsqwen-7b,zm,2072.813511307597,993.4687597800112,2.086440555782137,2072.813511307597,993.4687597800112,2.086440555782137,9.666666666666666,661.3333333333334,666.5,1,1,high,2072.813511307597,none
1783694357.594,1783694357594,dsllama-8b,zm,1878.127311299558,1290.915,1.454880694158452,1878.127311299558,1290.915,1.454880694158452,13.0,883.2,890.1,1,1,high,1878.127311299558,none
1783694357.594,1783694357594,dsqwen-14b,zm,889.7369269799752,1020.235,0.8720901821442856,889.7369269799752,1020.235,0.8720901821442856,236.33333333333334,6724.266666666666,6737.4,1,1,healthy,889.7369269799752,none
1783694357.594,1783694357594,dsqwen-7b,zm,2056.085664917497,993.4687597800112,2.0696027375564245,2056.085664917497,993.4687597800112,2.0696027375564245,15.0,985.6,993.3,1,1,high,2056.085664917497,none
1783694364.185,1783694364185,dsllama-8b,zm,1892.8924484247,1290.915,1.4663184240826856,1892.8924484247,1290.915,1.4663184240826856,9.333333333333334,588.8,593.4,1,1,high,1892.8924484247,none
1783694364.185,1783694364185,dsqwen-14b,zm,899.3449221425423,1020.235,0.8815076155420489,899.3449221425423,1020.235,0.8815076155420489,232.66666666666666,6775.466666666666,6788.7,1,1,healthy,899.3449221425423,none
1783694364.185,1783694364185,dsqwen-7b,zm,2004.6858043474008,993.4687597800112,2.017864965166402,2004.6858043474008,993.4687597800112,2.017864965166402,10.666666666666666,652.8,657.9,1,1,high,2004.6858043474008,none
1783694370.853,1783694370853,dsllama-8b,zm,2119.1927408841716,1290.915,1.6416206650973701,2119.1927408841716,1290.915,1.6416206650973701,7.666666666666667,674.1333333333333,679.4,1,1,high,2119.1927408841716,none
1783694370.853,1783694370853,dsqwen-14b,zm,903.8699949032473,1020.235,0.8859429395220192,903.8699949032473,1020.235,0.8859429395220192,155.0,4471.466666666666,4480.2,1,1,healthy,903.8699949032473,none
1783694370.853,1783694370853,dsqwen-7b,zm,2043.2138426579463,993.4687597800112,2.0566462936493197,2043.2138426579463,993.4687597800112,2.0566462936493197,9.333333333333334,652.8,657.9,1,1,high,2043.2138426579463,none
1783694377.279,1783694377279,dsllama-8b,zm,2232.1980421179383,1290.915,1.7291595822482024,2232.1980421179383,1290.915,1.7291595822482024,12.333333333333334,1019.7333333333333,1027.7,1,1,high,2232.1980421179383,none
1783694377.279,1783694377279,dsqwen-14b,zm,907.5026079688622,1020.235,0.8895035045542078,907.5026079688622,1020.235,0.8895035045542078,235.0,6792.533333333334,6805.8,1,1,healthy,907.5026079688622,none
1783694377.279,1783694377279,dsqwen-7b,zm,1996.3073708276665,993.4687597800112,2.009431450335408,1996.3073708276665,993.4687597800112,2.009431450335408,16.666666666666668,1019.7333333333333,1027.7,1,1,high,1996.3073708276665,none
1783694383.485,1783694383485,dsllama-8b,zm,2333.4122576482714,1290.915,1.8075646015797102,2333.4122576482714,1290.915,1.8075646015797102,8.0,682.6666666666666,688.0,1,1,high,2333.4122576482714,none
1783694383.485,1783694383485,dsqwen-14b,zm,912.6489774929775,1020.235,0.8945478027052369,912.6489774929775,1020.235,0.8945478027052369,156.0,4556.8,4565.7,1,1,healthy,912.6489774929775,none
1783694383.485,1783694383485,dsqwen-7b,zm,1964.7588642334592,993.4687597800112,1.977675538250972,1964.7588642334592,993.4687597800112,1.977675538250972,11.333333333333334,695.4666666666667,700.9,1,1,high,1964.7588642334592,none
1783694389.748,1783694389748,dsllama-8b,zm,2329.6753489313096,1290.915,1.8046698263877248,2329.6753489313096,1290.915,1.8046698263877248,12.666666666666666,960.0,967.5,1,1,high,2329.6753489313096,none
1783694389.748,1783694389748,dsqwen-14b,zm,901.1646907397379,1020.235,0.8832912914571034,901.1646907397379,1020.235,0.8832912914571034,234.66666666666666,6434.133333333333,6446.7,1,1,healthy,901.1646907397379,none
1783694389.748,1783694389748,dsqwen-7b,zm,1930.7227640234287,993.4687597800112,1.9434156786681027,1930.7227640234287,993.4687597800112,1.9434156786681027,17.333333333333332,1041.0666666666666,1049.2,1,1,high,1930.7227640234287,none
1783694396.127,1783694396127,dsllama-8b,zm,2248.743447734709,1290.915,1.741976387085679,2248.743447734709,1290.915,1.741976387085679,14.0,930.1333333333333,937.4,1,1,high,2248.743447734709,none
1783694396.127,1783694396127,dsqwen-14b,zm,899.8071144340528,1020.235,0.8819606408661267,899.8071144340528,1020.235,0.8819606408661267,238.66666666666666,6741.333333333333,6754.5,1,1,healthy,899.8071144340528,none
1783694396.127,1783694396127,dsqwen-7b,zm,1884.8732470838918,993.4687597800112,1.8972647388542634,1884.8732470838918,993.4687597800112,1.8972647388542634,18.666666666666668,1075.2,1083.6,1,1,high,1884.8732470838918,none
1783694402.616,1783694402616,dsllama-8b,zm,2156.7501791614864,1290.915,1.6707143221370009,2156.7501791614864,1290.915,1.6707143221370009,9.333333333333334,584.5333333333333,589.1,1,1,high,2156.7501791614864,none
1783694402.616,1783694402616,dsqwen-14b,zm,895.4038146775063,1020.235,0.8776446746852502,895.4038146775063,1020.235,0.8776446746852502,158.66666666666666,4420.266666666666,4428.9,1,1,healthy,895.4038146775063,none
1783694402.616,1783694402616,dsqwen-7b,zm,1892.5592269026365,993.4687597800112,1.9050012476705513,1892.5592269026365,993.4687597800112,1.9050012476705513,11.333333333333334,708.2666666666667,713.8,1,1,high,1892.5592269026365,none
1783694409.134,1783694409134,dsllama-8b,zm,1990.579875315248,1290.915,1.5419914365510108,1990.579875315248,1290.915,1.5419914365510108,17.0,866.1333333333333,872.9,1,1,high,1990.579875315248,none
1783694409.134,1783694409134,dsqwen-14b,zm,882.9732210499176,1020.235,0.8654606252970322,882.9732210499176,1020.235,0.8654606252970322,239.33333333333334,6417.066666666667,6429.6,1,1,healthy,882.9732210499176,none
1783694409.134,1783694409134,dsqwen-7b,zm,1948.0971174948868,993.4687597800112,1.9609042542276456,1948.0971174948868,993.4687597800112,1.9609042542276456,14.666666666666666,1002.6666666666666,1010.5,1,1,high,1948.0971174948868,none
1783694415.737,1783694415737,dsllama-8b,zm,2014.1603921853018,1290.915,1.5602579505120802,2014.1603921853018,1290.915,1.5602579505120802,14.666666666666666,994.1333333333333,1001.9,1,1,high,2014.1603921853018,none
1783694415.737,1783694415737,dsqwen-14b,zm,894.2730692963546,1020.235,0.8765363561300628,894.2730692963546,1020.235,0.8765363561300628,241.66666666666666,7031.466666666666,7045.2,1,1,healthy,894.2730692963546,none
1783694415.737,1783694415737,dsqwen-7b,zm,1982.8998962441347,993.4687597800112,1.9959358326307293,1982.8998962441347,993.4687597800112,1.9959358326307293,15.0,1015.4666666666667,1023.4,1,1,high,1982.8998962441347,none
1783694422.398,1783694422398,dsllama-8b,zm,2039.138079001525,1290.915,1.5796067742659472,2039.138079001525,1290.915,1.5796067742659472,10.0,686.9333333333333,692.3,1,1,high,2039.138079001525,none
1783694422.398,1783694422398,dsqwen-14b,zm,890.4878745429331,1020.235,0.8728262356642666,890.4878745429331,1020.235,0.8728262356642666,161.66666666666666,4488.533333333334,4497.3,1,1,healthy,890.4878745429331,none
1783694422.398,1783694422398,dsqwen-7b,zm,2006.6563406955452,993.4687597800112,2.01984845617077,2006.6563406955452,993.4687597800112,2.01984845617077,9.666666666666666,652.8,657.9,1,1,high,2006.6563406955452,none
1783694428.958,1783694428958,dsllama-8b,zm,2044.0308651539935,1290.915,1.583396943372719,2044.0308651539935,1290.915,1.583396943372719,14.666666666666666,985.6,993.3,1,1,high,2044.0308651539935,none
1783694428.958,1783694428958,dsqwen-14b,zm,886.3238164626725,1020.235,0.8687447661202297,886.3238164626725,1020.235,0.8687447661202297,239.33333333333334,6604.8,6617.7,1,1,healthy,886.3238164626725,none
1783694428.958,1783694428958,dsqwen-7b,zm,2071.49239629792,993.4687597800112,2.0851107555275528,2071.49239629792,993.4687597800112,2.0851107555275528,14.0,1024.0,1032.0,1,1,high,2071.49239629792,none
1783694435.597,1783694435597,dsllama-8b,zm,2348.0834878073574,1290.915,1.8189295870040687,2348.0834878073574,1290.915,1.8189295870040687,9.666666666666666,985.6,993.3,1,1,high,2348.0834878073574,none
1783694435.597,1783694435597,dsqwen-14b,zm,899.734506824183,1020.235,0.8818894733313236,899.734506824183,1020.235,0.8818894733313236,238.33333333333334,7014.4,7028.1,1,1,healthy,899.734506824183,none
1783694435.597,1783694435597,dsqwen-7b,zm,2085.738436902293,993.4687597800112,2.0994504521351516,2085.738436902293,993.4687597800112,2.0994504521351516,16.0,1109.3333333333333,1118.0,1,1,high,2085.738436902293,none
1783694442.25,1783694442250,dsllama-8b,zm,2368.9056312532402,1290.915,1.8350593426005897,2368.9056312532402,1290.915,1.8350593426005897,7.333333333333333,580.2666666666667,584.8,1,1,high,2368.9056312532402,none
1783694442.25,1783694442250,dsqwen-14b,zm,903.2212775776984,1020.235,0.8853070886390865,903.2212775776984,1020.235,0.8853070886390865,157.33333333333334,4522.666666666667,4531.5,1,1,healthy,903.2212775776984,none
1783694442.25,1783694442250,dsqwen-7b,zm,2168.288505918566,993.4687597800112,2.182543219978755,2168.288505918566,993.4687597800112,2.182543219978755,9.666666666666666,750.9333333333333,756.8,1,1,high,2168.288505918566,none
1783694448.765,1783694448765,dsllama-8b,zm,2370.372486873116,1290.915,1.8361956340062018,2370.372486873116,1290.915,1.8361956340062018,11.0,853.3333333333334,860.0,1,1,high,2370.372486873116,none
1783694448.765,1783694448765,dsqwen-14b,zm,897.4123416811047,1020.235,0.8796133652355631,897.4123416811047,1020.235,0.8796133652355631,235.66666666666666,6553.6,6566.4,1,1,healthy,897.4123416811047,none
1783694448.765,1783694448765,dsqwen-7b,zm,2159.5241401562344,993.4687597800112,2.1737212357179994,2159.5241401562344,993.4687597800112,2.1737212357179994,14.666666666666666,1024.0,1032.0,1,1,high,2159.5241401562344,none
1783694455.528,1783694455528,dsllama-8b,zm,2311.5783093897417,1290.915,1.790651057110454,2311.5783093897417,1290.915,1.790651057110454,12.0,849.0666666666667,855.7,1,1,high,2311.5783093897417,none
1783694455.528,1783694455528,dsqwen-14b,zm,902.3523553162205,1020.235,0.8844554002913255,902.3523553162205,1020.235,0.8844554002913255,238.0,6860.8,6874.2,1,1,healthy,902.3523553162205,none
1783694455.528,1783694455528,dsqwen-7b,zm,2111.6788074200504,993.4687597800112,2.1255613592597014,2111.6788074200504,993.4687597800112,2.1255613592597014,15.333333333333334,998.4,1006.2,1,1,high,2111.6788074200504,none
1783694462.262,1783694462262,dsllama-8b,zm,2182.701173085383,1290.915,1.6908171127342877,2182.701173085383,1290.915,1.6908171127342877,9.333333333333334,567.4666666666667,571.9,1,1,high,2182.701173085383,none
1783694462.262,1783694462262,dsqwen-14b,zm,899.568921096385,1020.235,0.8817271717755076,899.568921096385,1020.235,0.8817271717755076,158.33333333333334,4454.4,4463.1,1,1,healthy,899.568921096385,none
1783694462.262,1783694462262,dsqwen-7b,zm,2049.2807853143086,993.4687597800112,2.062753121465129,2049.2807853143086,993.4687597800112,2.062753121465129,10.0,618.6666666666666,623.5,1,1,high,2049.2807853143086,none
1783694469.535,1783694469535,dsllama-8b,zm,2022.9341424847457,1290.915,1.5670544865345477,2022.9341424847457,1290.915,1.5670544865345477,15.666666666666666,849.0666666666667,855.7,1,1,high,2022.9341424847457,none
1783694469.535,1783694469535,dsqwen-14b,zm,892.6880529210883,1020.235,0.8749827764398284,892.6880529210883,1020.235,0.8749827764398284,238.33333333333334,6587.733333333334,6600.6,1,1,healthy,892.6880529210883,none
1783694469.535,1783694469535,dsqwen-7b,zm,1966.927976832899,993.4687597800112,1.9798589109822093,1966.927976832899,993.4687597800112,1.9798589109822093,16.0,930.1333333333333,937.4,1,1,high,1966.927976832899,none
1783694476.301,1783694476301,dsllama-8b,zm,1909.6981913804311,1290.915,1.479336897766647,1909.6981913804311,1290.915,1.479336897766647,17.0,904.5333333333333,911.6,1,1,high,1909.6981913804311,none
1783694476.301,1783694476301,dsqwen-14b,zm,896.0039614866419,1020.235,0.8782329183831586,896.0039614866419,1020.235,0.8782329183831586,241.33333333333334,6877.866666666667,6891.3,1,1,healthy,896.0039614866419,none
1783694476.301,1783694476301,dsqwen-7b,zm,1895.3745901336392,993.4687597800112,1.907835119599877,1895.3745901336392,993.4687597800112,1.907835119599877,17.333333333333332,972.8,980.4,1,1,high,1895.3745901336392,none
1783694482.887,1783694482887,dsllama-8b,zm,1836.1640223757843,1290.915,1.4223740698464147,1836.1640223757843,1290.915,1.4223740698464147,11.333333333333334,610.1333333333333,614.9,1,1,high,1836.1640223757843,none
1783694482.887,1783694482887,dsqwen-14b,zm,890.3963451782472,1020.235,0.8727365216624083,890.3963451782472,1020.235,0.8727365216624083,161.33333333333334,4454.4,4463.1,1,1,healthy,890.3963451782472,none
1783694482.887,1783694482887,dsqwen-7b,zm,1800.2597907007876,993.4687597800112,1.8120950185685036,1800.2597907007876,993.4687597800112,1.8120950185685036,12.333333333333334,627.2,632.1,1,1,high,1800.2597907007876,none
1783694489.583,1783694489583,dsllama-8b,zm,1837.1059960093653,1290.915,1.423103764391432,1837.1059960093653,1290.915,1.423103764391432,15.333333333333334,921.6,928.8,1,1,high,1837.1059960093653,none
1783694489.583,1783694489583,dsqwen-14b,zm,884.7594675514667,1020.235,0.8672114439824812,884.7594675514667,1020.235,0.8672114439824812,241.33333333333334,6621.866666666667,6634.8,1,1,healthy,884.7594675514667,none
1783694489.583,1783694489583,dsqwen-7b,zm,1792.7647652980106,993.4687597800112,1.804550719536457,1792.7647652980106,993.4687597800112,1.804550719536457,17.666666666666668,1024.0,1032.0,1,1,high,1792.7647652980106,none
1783694496.049,1783694496049,dsllama-8b,zm,1875.728807072036,1290.915,1.453022706430738,1875.728807072036,1290.915,1.453022706430738,14.333333333333334,925.8666666666667,933.1,1,1,high,1875.728807072036,none
1783694496.049,1783694496049,dsqwen-14b,zm,887.4733020980323,1020.235,0.8698714532416867,887.4733020980323,1020.235,0.8698714532416867,243.33333333333334,6860.8,6874.2,1,1,healthy,887.4733020980323,none
1783694496.049,1783694496049,dsqwen-7b,zm,1939.2688931080743,993.4687597800112,1.9520179915244606,1939.2688931080743,993.4687597800112,1.9520179915244606,14.333333333333334,1088.0,1096.5,1,1,high,1939.2688931080743,none
1783694502.855,1783694502855,dsllama-8b,zm,1899.6612815022218,1290.915,1.4715618623241824,1899.6612815022218,1290.915,1.4715618623241824,9.333333333333334,597.3333333333334,602.0,1,1,high,1899.6612815022218,none
1783694502.855,1783694502855,dsqwen-14b,zm,887.9498744308185,1020.235,0.8703385733981077,887.9498744308185,1020.235,0.8703385733981077,162.0,4539.733333333334,4548.6,1,1,healthy,887.9498744308185,none
1783694502.855,1783694502855,dsqwen-7b,zm,2232.0686017614426,993.4687597800112,2.2467426175088794,2232.0686017614426,993.4687597800112,2.2467426175088794,8.0,772.2666666666667,778.3,1,1,high,2232.0686017614426,none
1783694509.602,1783694509602,dsllama-8b,zm,1956.833077088555,1290.915,1.5158496702637703,1956.833077088555,1290.915,1.5158496702637703,13.0,891.7333333333333,898.7,1,1,high,1956.833077088555,none
1783694509.602,1783694509602,dsqwen-14b,zm,879.9166355524715,1020.235,0.8624646630947492,879.9166355524715,1020.235,0.8624646630947492,244.33333333333334,6621.866666666667,6634.8,1,1,healthy,879.9166355524715,none
1783694509.602,1783694509602,dsqwen-7b,zm,2294.6581470199685,993.4687597800112,2.3097436375634866,2294.6581470199685,993.4687597800112,2.3097436375634866,14.333333333333334,1147.7333333333333,1156.7,1,1,high,2294.6581470199685,none
1783694516.094,1783694516094,dsllama-8b,zm,1905.4191295642825,1290.915,1.476022146744195,1905.4191295642825,1290.915,1.476022146744195,15.333333333333334,887.4666666666667,894.4,1,1,high,1905.4191295642825,none
1783694516.094,1783694516094,dsqwen-14b,zm,885.8325375182567,1020.235,0.8682632310381987,885.8325375182567,1020.235,0.8682632310381987,243.33333333333334,6912.0,6925.5,1,1,healthy,885.8325375182567,none
1783694516.094,1783694516094,dsqwen-7b,zm,2297.7808816522706,993.4687597800112,2.31288690160834,2297.7808816522706,993.4687597800112,2.31288690160834,14.666666666666666,1105.0666666666666,1113.7,1,1,high,2297.7808816522706,none
1783694523.229,1783694523229,dsllama-8b,zm,1886.1434156413488,1290.915,1.4610903240270265,1886.1434156413488,1290.915,1.4610903240270265,10.0,601.6,606.3,1,1,high,1886.1434156413488,none
1783694523.229,1783694523229,dsqwen-14b,zm,884.9309128768571,1020.235,0.8673794889185894,884.9309128768571,1020.235,0.8673794889185894,241.66666666666666,6724.266666666666,6737.4,1,1,healthy,884.9309128768571,none
1783694523.229,1783694523229,dsqwen-7b,zm,2166.653157534678,993.4687597800112,2.1808971205239014,2166.653157534678,993.4687597800112,2.1808971205239014,12.0,729.6,735.3,1,1,high,2166.653157534678,none
1783694530.979,1783694530979,dsllama-8b,zm,1896.8675163110297,1290.915,1.4693976879275783,1896.8675163110297,1290.915,1.4693976879275783,10.0,627.2,632.1,1,1,high,1896.8675163110297,none
1783694530.979,1783694530979,dsqwen-14b,zm,897.6094592487939,1020.235,0.8798065732392967,897.6094592487939,1020.235,0.8798065732392967,159.33333333333334,4642.133333333333,4651.2,1,1,healthy,897.6094592487939,none
1783694530.979,1783694530979,dsqwen-7b,zm,2135.2426865614407,993.4687597800112,2.1492801515311446,2135.2426865614407,993.4687597800112,2.1492801515311446,10.666666666666666,721.0666666666667,726.7,1,1,high,2135.2426865614407,none
1783694537.717,1783694537717,dsllama-8b,zm,1787.708999001251,1290.915,1.3848386601761162,1787.708999001251,1290.915,1.3848386601761162,17.666666666666668,874.6666666666666,881.5,1,1,high,1787.708999001251,none
1783694537.717,1783694537717,dsqwen-14b,zm,902.3959379804699,1020.235,0.8844981185515787,902.3959379804699,1020.235,0.8844981185515787,238.66666666666666,6877.866666666667,6891.3,1,1,healthy,902.3959379804699,none
1783694537.717,1783694537717,dsqwen-7b,zm,2073.076594663246,993.4687597800112,2.0867053686945303,2073.076594663246,993.4687597800112,2.0867053686945303,16.0,1002.6666666666666,1010.5,1,1,high,2073.076594663246,none
1783694544.493,1783694544493,dsllama-8b,zm,1599.4583941532187,1290.915,1.239011394362308,1599.4583941532187,1290.915,1.239011394362308,15.333333333333334,567.4666666666667,571.9,1,1,healthy,1599.4583941532187,none
1783694544.493,1783694544493,dsqwen-14b,zm,900.9054124119266,1020.235,0.8830371555689881,900.9054124119266,1020.235,0.8830371555689881,239.0,6758.4,6771.6,1,1,healthy,900.9054124119266,none
1783694544.493,1783694544493,dsqwen-7b,zm,2029.3131357028576,993.4687597800112,2.0426542009757997,2029.3131357028576,993.4687597800112,2.0426542009757997,10.333333333333334,648.5333333333333,653.6,1,1,high,2029.3131357028576,none
1783694551.359,1783694551359,dsllama-8b,zm,1590.015184712468,1290.915,1.2316962656042172,1590.015184712468,1290.915,1.2316962656042172,11.666666666666666,597.3333333333334,602.0,1,1,healthy,1590.015184712468,none
1783694551.359,1783694551359,dsqwen-14b,zm,904.8934967685054,1020.235,0.8869461415933637,904.8934967685054,1020.235,0.8869461415933637,158.66666666666666,4573.866666666667,4582.8,1,1,healthy,904.8934967685054,none
1783694551.359,1783694551359,dsqwen-7b,zm,1983.0912651641402,993.4687597800112,1.9961284596440316,1983.0912651641402,993.4687597800112,1.9961284596440316,10.333333333333334,631.4666666666667,636.4,1,1,high,1983.0912651641402,none
1783694558.385,1783694558385,dsllama-8b,zm,1636.5659047672534,1290.915,1.267756517483532,1636.5659047672534,1290.915,1.267756517483532,16.666666666666668,951.4666666666667,958.9,1,1,high,1636.5659047672534,none
1783694558.385,1783694558385,dsqwen-14b,zm,901.9460548314219,1020.235,0.8840571582345458,901.9460548314219,1020.235,0.8840571582345458,239.0,6741.333333333333,6754.5,1,1,healthy,901.9460548314219,none
1783694558.385,1783694558385,dsqwen-7b,zm,2039.1626995593942,993.4687597800112,2.05256851761593,2039.1626995593942,993.4687597800112,2.05256851761593,14.666666666666666,1041.0666666666666,1049.2,1,1,high,2039.1626995593942,none
1783694564.899,1783694564899,dsllama-8b,zm,1953.5109630243194,1290.915,1.5132762134023692,1953.5109630243194,1290.915,1.5132762134023692,11.333333333333334,1028.2666666666667,1036.3,1,1,high,1953.5109630243194,none
1783694564.899,1783694564899,dsqwen-14b,zm,904.055560303999,1020.235,0.8861248244806333,904.055560303999,1020.235,0.8861248244806333,239.33333333333334,6860.8,6874.2,1,1,healthy,904.055560303999,none
1783694564.899,1783694564899,dsqwen-7b,zm,1969.3286837165606,993.4687597800112,1.9822754005396597,1969.3286837165606,993.4687597800112,1.9822754005396597,13.0,759.4666666666667,765.4,1,1,high,1969.3286837165606,none
1783694571.752,1783694571752,dsllama-8b,zm,2208.143717366169,1290.915,1.7105260356926435,2208.143717366169,1290.915,1.7105260356926435,7.333333333333333,678.4,683.7,1,1,high,2208.143717366169,none
1783694571.752,1783694571752,dsqwen-14b,zm,901.9666494721517,1020.235,0.8840773444080547,901.9666494721517,1020.235,0.8840773444080547,160.0,4522.666666666667,4531.5,1,1,healthy,901.9666494721517,none
1783694571.752,1783694571752,dsqwen-7b,zm,2179.3370583018464,993.4687597800112,2.1936644075093295,2179.3370583018464,993.4687597800112,2.1936644075093295,8.0,704.0,709.5,1,1,high,2179.3370583018464,none
1783694578.679,1783694578679,dsllama-8b,zm,2400.063999635459,1290.915,1.859195996355654,2400.063999635459,1290.915,1.859195996355654,9.666666666666666,904.5333333333333,911.6,1,1,high,2400.063999635459,none
1783694578.679,1783694578679,dsqwen-14b,zm,894.1957939503609,1020.235,0.876460613437454,894.1957939503609,1020.235,0.876460613437454,240.0,6621.866666666667,6634.8,1,1,healthy,894.1957939503609,none
1783694578.679,1783694578679,dsqwen-7b,zm,2279.014537097517,993.4687597800112,2.2939971837686883,2279.014537097517,993.4687597800112,2.2939971837686883,12.333333333333334,1015.4666666666667,1023.4,1,1,high,2279.014537097517,none
1783694585.708,1783694585708,dsllama-8b,zm,2698.2848402255863,1290.915,2.090211083011342,2698.2848402255863,1290.915,2.090211083011342,7.666666666666667,853.3333333333334,860.0,1,1,high,2698.2848402255863,none
1783694585.708,1783694585708,dsqwen-14b,zm,904.1049310484996,1020.235,0.8861732160222885,904.1049310484996,1020.235,0.8861732160222885,239.33333333333334,6997.333333333333,7011.0,1,1,healthy,904.1049310484996,none
1783694585.708,1783694585708,dsqwen-7b,zm,2134.696704567328,993.4687597800112,2.148730580154352,2134.696704567328,993.4687597800112,2.148730580154352,15.666666666666666,917.3333333333334,924.5,1,1,high,2134.696704567328,none
1783694592.439,1783694592439,dsllama-8b,zm,2794.789357078567,1290.915,2.1649677609126603,2794.789357078567,1290.915,2.1649677609126603,5.333333333333333,529.0666666666667,533.2,1,1,high,2794.789357078567,none
1783694592.439,1783694592439,dsqwen-14b,zm,909.3524156409708,1020.235,0.8913166237592033,909.3524156409708,1020.235,0.8913166237592033,159.66666666666666,4642.133333333333,4651.2,1,1,healthy,909.3524156409708,none
1783694592.439,1783694592439,dsqwen-7b,zm,1978.6739877266666,993.4687597800112,1.9916821422394948,1978.6739877266666,993.4687597800112,1.9916821422394948,12.0,622.9333333333333,627.8,1,1,high,1978.6739877266666,none
1783694599.179,1783694599179,dsllama-8b,zm,2606.8251148785175,1290.915,2.0193623243037053,2606.8251148785175,1290.915,2.0193623243037053,11.666666666666666,814.9333333333333,821.3,1,1,high,2606.8251148785175,none
1783694599.179,1783694599179,dsqwen-14b,zm,909.5605230117662,1020.235,0.8915206035979615,909.5605230117662,1020.235,0.8915206035979615,238.0,6826.666666666667,6840.0,1,1,healthy,909.5605230117662,none
1783694599.179,1783694599179,dsqwen-7b,zm,1947.8002826996126,993.4687597800112,1.9606054679876637,1947.8002826996126,993.4687597800112,1.9606054679876637,16.333333333333332,998.4,1006.2,1,1,high,1947.8002826996126,none
1783694606.024,1783694606024,dsllama-8b,zm,2459.528625233135,1290.915,1.905259932089359,2459.528625233135,1290.915,1.905259932089359,14.0,960.0,967.5,1,1,high,2459.528625233135,none
1783694606.024,1783694606024,dsqwen-14b,zm,921.1950806101847,1020.235,0.9029244052695553,921.1950806101847,1020.235,0.9029244052695553,238.33333333333334,7133.866666666667,7147.8,1,1,healthy,921.1950806101847,none
1783694606.024,1783694606024,dsqwen-7b,zm,1888.8349096064335,993.4687597800112,1.90125244605043,1888.8349096064335,993.4687597800112,1.90125244605043,17.666666666666668,1006.9333333333333,1014.8,1,1,high,1888.8349096064335,none
1783694612.842,1783694612842,dsllama-8b,zm,2277.1336268080704,1290.915,1.7639686786566664,2277.1336268080704,1290.915,1.7639686786566664,11.0,657.0666666666667,662.2,1,1,high,2277.1336268080704,none
1783694612.842,1783694612842,dsqwen-14b,zm,920.284547939574,1020.235,0.9020319317996089,920.284547939574,1020.235,0.9020319317996089,158.66666666666666,4590.933333333333,4599.9,1,1,healthy,920.284547939574,none
1783694612.842,1783694612842,dsqwen-7b,zm,1958.0536720185128,993.4687597800112,1.9709262649105288,1958.0536720185128,993.4687597800112,1.9709262649105288,10.0,695.4666666666667,700.9,1,1,high,1958.0536720185128,none
1783694619.708,1783694619708,dsllama-8b,zm,2179.430809950324,1290.915,1.6882837444373364,2179.430809950324,1290.915,1.6882837444373364,14.666666666666666,930.1333333333333,937.4,1,1,high,2179.430809950324,none
1783694619.708,1783694619708,dsqwen-14b,zm,908.669416332644,1020.235,0.8906471708308811,908.669416332644,1020.235,0.8906471708308811,238.66666666666666,6621.866666666667,6634.8,1,1,healthy,908.669416332644,none
1783694619.708,1783694619708,dsqwen-7b,zm,2043.6137629918371,993.4687597800112,2.057048843130573,2043.6137629918371,993.4687597800112,2.057048843130573,14.666666666666666,1079.4666666666667,1087.9,1,1,high,2043.6137629918371,none
1783694626.496,1783694626496,dsllama-8b,zm,2212.9888264878937,1290.915,1.7142792720573343,2212.9888264878937,1290.915,1.7142792720573343,12.0,900.2666666666667,907.3,1,1,high,2212.9888264878937,none
1783694626.496,1783694626496,dsqwen-14b,zm,906.3910758429146,1020.235,0.8884140181849423,906.3910758429146,1020.235,0.8884140181849423,241.66666666666666,6860.8,6874.2,1,1,healthy,906.3910758429146,none
1783694626.496,1783694626496,dsqwen-7b,zm,2146.012085326034,993.4687597800112,2.1601203502375217,2146.012085326034,993.4687597800112,2.1601203502375217,13.333333333333334,1045.3333333333333,1053.5,1,1,high,2146.012085326034,none
1783694633.289,1783694633289,dsllama-8b,zm,2211.5490000659292,1290.915,1.7131639186669372,2211.5490000659292,1290.915,1.7131639186669372,7.333333333333333,529.0666666666667,533.2,1,1,high,2211.5490000659292,none
1783694633.289,1783694633289,dsqwen-14b,zm,897.6441209965202,1020.235,0.8798405475175035,897.6441209965202,1020.235,0.8798405475175035,161.33333333333334,4454.4,4463.1,1,1,healthy,897.6441209965202,none
1783694633.289,1783694633289,dsqwen-7b,zm,2361.8412356238323,993.4687597800112,2.377368399733905,2361.8412356238323,993.4687597800112,2.377368399733905,7.666666666666667,725.3333333333334,731.0,1,1,high,2361.8412356238323,none
1783694640.237,1783694640237,dsllama-8b,zm,2151.1395662337336,1290.915,1.6663680925806374,2151.1395662337336,1290.915,1.6663680925806374,8.333333333333334,546.1333333333333,550.4,1,1,high,2151.1395662337336,none
1783694640.237,1783694640237,dsqwen-14b,zm,900.7130946651118,1020.235,0.882848652188086,900.7130946651118,1020.235,0.882848652188086,161.0,4608.0,4617.0,1,1,healthy,900.7130946651118,none
1783694640.237,1783694640237,dsqwen-7b,zm,2489.8858737829055,993.4687597800112,2.5062548261047017,2489.8858737829055,993.4687597800112,2.5062548261047017,7.0,640.0,645.0,1,1,high,2489.8858737829055,none
1783694646.993,1783694646993,dsllama-8b,zm,2191.256742694867,1290.915,1.6974446363198716,2191.256742694867,1290.915,1.6974446363198716,11.0,823.4666666666667,829.9,1,1,high,2191.256742694867,none
1783694646.993,1783694646993,dsqwen-14b,zm,904.1381942071046,1020.235,0.8862058194505232,904.1381942071046,1020.235,0.8862058194505232,242.66666666666666,6980.266666666666,6993.9,1,1,healthy,904.1381942071046,none
1783694646.993,1783694646993,dsqwen-7b,zm,2414.3056682774723,993.4687597800112,2.4301777428935805,2414.3056682774723,993.4687597800112,2.4301777428935805,13.666666666666666,994.1333333333333,1001.9,1,1,high,2414.3056682774723,none
1783694654.201,1783694654201,dsllama-8b,zm,2244.814277855392,1290.915,1.7389326778722007,2244.814277855392,1290.915,1.7389326778722007,7.333333333333333,567.4666666666667,571.9,1,1,high,2244.814277855392,none
1783694654.201,1783694654201,dsqwen-14b,zm,820.486726794983,1020.235,0.8042134672844815,820.486726794983,1020.235,0.8042134672844815,230.33333333333334,4556.8,4565.7,1,1,healthy,820.486726794983,none
1783694654.201,1783694654201,dsqwen-7b,zm,2250.5071980672296,993.4687597800112,2.265302432424318,2250.5071980672296,993.4687597800112,2.265302432424318,10.666666666666666,652.8,657.9,1,1,high,2250.5071980672296,none
1783694660.717,1783694660717,dsllama-8b,zm,2268.9967237695128,1290.915,1.757665472761191,2268.9967237695128,1290.915,1.757665472761191,7.0,533.3333333333334,537.5,1,1,high,2268.9967237695128,none
1783694660.717,1783694660717,dsqwen-14b,zm,856.1701047929786,1020.235,0.8391891130896103,856.1701047929786,1020.235,0.8391891130896103,150.66666666666666,4505.6,4514.6,1,1,healthy,856.1701047929786,none
1783694660.717,1783694660717,dsqwen-7b,zm,2162.5623617083456,993.4687597800112,2.176779431078651,2162.5623617083456,993.4687597800112,2.176779431078651,10.666666666666666,674.1333333333333,679.4,1,1,high,2162.5623617083456,none
1783694667.529,1783694667529,dsllama-8b,zm,2281.562798651611,1290.915,1.7673997115624276,2281.562798651611,1290.915,1.7673997115624276,10.333333333333334,780.8,786.9,1,1,high,2281.562798651611,none
1783694667.529,1783694667529,dsqwen-14b,zm,1007.2546984789411,1020.235,0.9872771454409436,1007.2546984789411,1020.235,0.9872771454409436,171.33333333333334,7449.6,7466.3,1,1,healthy,1007.2546984789411,none
1783694667.529,1783694667529,dsqwen-7b,zm,2072.439155282673,993.4687597800112,2.0860637386741616,2072.439155282673,993.4687597800112,2.0860637386741616,15.666666666666666,947.2,954.6,1,1,high,2072.439155282673,none
1783694674.028,1783694674028,dsllama-8b,zm,2206.164908779759,1290.915,1.7089931628184343,2206.164908779759,1290.915,1.7089931628184343,7.666666666666667,503.46666666666664,507.4,1,1,high,2206.164908779759,none
1783694674.028,1783694674028,dsqwen-14b,zm,1204.9742024219036,1020.235,1.1810751468258818,1204.9742024219036,1020.235,1.1810751468258818,93.66666666666667,5077.333333333333,5089.4,1,1,healthy,1204.9742024219036,none
1783694674.028,1783694674028,dsqwen-7b,zm,2056.9849424737617,993.4687597800112,2.0705079271231943,2056.9849424737617,993.4687597800112,2.0705079271231943,9.0,593.0666666666667,597.7,1,1,high,2056.9849424737617,none
1783694680.505,1783694680505,dsllama-8b,zm,2162.3357786626084,1290.915,1.6750411751839651,2162.3357786626084,1290.915,1.6750411751839651,7.333333333333333,490.6666666666667,494.5,1,1,high,2162.3357786626084,none
1783694680.505,1783694680505,dsqwen-14b,zm,2339.8444047538505,1020.235,2.2934367128689472,2339.8444047538505,1020.235,2.2934367128689472,24.666666666666668,4125.866666666667,4137.5,1,1,high,2339.8444047538505,none
1783694680.505,1783694680505,dsqwen-7b,zm,1935.4072366417595,993.4687597800112,1.948130947842111,1935.4072366417595,993.4687597800112,1.948130947842111,10.333333333333334,546.1333333333333,550.4,1,1,high,1935.4072366417595,none
1783694687.176,1783694687176,dsllama-8b,zm,2196.5302846523928,1290.915,1.7015297557564928,2196.5302846523928,1290.915,1.7015297557564928,9.666666666666666,721.0666666666667,726.7,1,1,high,2196.5302846523928,none
1783694687.176,1783694687176,dsqwen-14b,zm,3040.2058400646138,1020.235,2.979907413551401,3040.2058400646138,1020.235,2.979907413551401,29.333333333333332,4445.866666666667,4459.8,1,1,high,3040.2058400646138,none
1783694687.176,1783694687176,dsqwen-7b,zm,1915.5596132234873,993.4687597800112,1.9281528426194896,1915.5596132234873,993.4687597800112,1.9281528426194896,14.0,853.3333333333334,860.0,1,1,high,1915.5596132234873,none
1783694694.056,1783694694056,dsllama-8b,zm,2223.3251323149707,1290.915,1.7222862328774324,2223.3251323149707,1290.915,1.7222862328774324,6.333333333333333,473.6,477.3,1,1,high,2223.3251323149707,none
1783694694.056,1783694694056,dsqwen-14b,zm,3357.7600529497886,1020.235,3.291163362313377,3357.7600529497886,1020.235,3.291163362313377,13.666666666666666,1779.2,1787.6,1,1,high,3357.7600529497886,none
1783694694.056,1783694694056,dsqwen-7b,zm,1932.3396496885848,993.4687597800112,1.9450431940270296,1932.3396496885848,993.4687597800112,1.9450431940270296,9.0,580.2666666666667,584.8,1,1,high,1932.3396496885848,none
1783694700.755,1783694700755,dsllama-8b,zm,2294.3489241764023,1290.915,1.7773044113488512,2294.3489241764023,1290.915,1.7773044113488512,5.333333333333333,430.93333333333334,434.3,1,1,high,2294.3489241764023,none
1783694700.755,1783694700755,dsqwen-14b,zm,2960.257787505184,1020.235,2.9015450239456437,2960.257787505184,1020.235,2.9015450239456437,9.666666666666666,597.3333333333334,601.8,1,1,high,2960.257787505184,none
1783694700.755,1783694700755,dsqwen-7b,zm,1978.4384568076337,993.4687597800112,1.9914450628983333,1978.4384568076337,993.4687597800112,1.9914450628983333,8.666666666666666,593.0666666666667,597.7,1,1,high,1978.4384568076337,none
1783694707.72,1783694707720,dsllama-8b,zm,2336.4444922595603,1290.915,1.8099135049631931,2336.4444922595603,1290.915,1.8099135049631931,9.0,716.8,722.4,1,1,high,2336.4444922595603,none
1783694707.72,1783694707720,dsqwen-14b,zm,2615.37243203404,1020.235,2.5635000093449447,2615.37243203404,1020.235,2.5635000093449447,15.0,844.8,851.2,1,1,high,2615.37243203404,none
1783694707.72,1783694707720,dsqwen-7b,zm,2038.0187198211534,993.4687597800112,2.051417017151543,2038.0187198211534,993.4687597800112,2.051417017151543,12.333333333333334,878.9333333333333,885.8,1,1,high,2038.0187198211534,none
1783694715.014,1783694715014,dsllama-8b,zm,2203.9056692801646,1290.915,1.7072430557241682,2203.9056692801646,1290.915,1.7072430557241682,11.666666666666666,725.3333333333334,731.0,1,1,high,2203.9056692801646,none
1783694715.014,1783694715014,dsqwen-14b,zm,2350.25591133594,1020.235,2.3036417211092934,2350.25591133594,1020.235,2.3036417211092934,14.333333333333334,789.3333333333334,795.5,1,1,high,2350.25591133594,none
1783694715.014,1783694715014,dsqwen-7b,zm,1816.2515271603254,993.4687597800112,1.8281918875461238,1816.2515271603254,993.4687597800112,1.8281918875461238,13.333333333333334,571.7333333333333,576.2,1,1,high,1816.2515271603254,none
1783694721.66,1783694721660,dsllama-8b,zm,2104.7603118249676,1290.915,1.6304406655937593,2104.7603118249676,1290.915,1.6304406655937593,8.666666666666666,524.8,528.9,1,1,high,2104.7603118249676,none
1783694721.66,1783694721660,dsqwen-14b,zm,2178.0254964856413,1020.235,2.1348272667430948,2178.0254964856413,1020.235,2.1348272667430948,9.333333333333334,512.0,516.0,1,1,high,2178.0254964856413,none
1783694721.66,1783694721660,dsqwen-7b,zm,1865.386149394288,993.4687597800112,1.8776495295205355,1865.386149394288,993.4687597800112,1.8776495295205355,8.333333333333334,541.8666666666667,546.1,1,1,high,1865.386149394288,none
1783694728.515,1783694728515,dsllama-8b,zm,1989.2979385491901,1290.915,1.5409983914891299,1989.2979385491901,1290.915,1.5409983914891299,14.0,780.8,786.9,1,1,high,1989.2979385491901,none
1783694728.515,1783694728515,dsqwen-14b,zm,2044.0738774720448,1020.235,2.003532399370777,2044.0738774720448,1020.235,2.003532399370777,13.333333333333334,721.0666666666667,726.7,1,1,high,2044.0738774720448,none
1783694728.515,1783694728515,dsqwen-7b,zm,1947.6788244829381,993.4687597800112,1.960483211283083,1947.6788244829381,993.4687597800112,1.960483211283083,11.666666666666666,819.2,825.6,1,1,high,1947.6788244829381,none
1783694735.005,1783694735005,dsllama-8b,zm,1949.3027688033749,1290.915,1.510016359561532,1949.3027688033749,1290.915,1.510016359561532,10.333333333333334,622.9333333333333,627.8,1,1,high,1949.3027688033749,none
1783694735.005,1783694735005,dsqwen-14b,zm,2129.6472813795635,1020.235,2.0874085689861293,2129.6472813795635,1020.235,2.0874085689861293,8.0,593.0666666666667,597.7,1,1,high,2129.6472813795635,none
1783694735.005,1783694735005,dsqwen-7b,zm,1973.348662020614,993.4687597800112,1.9863218068956519,1973.348662020614,993.4687597800112,1.9863218068956519,8.0,533.3333333333334,537.5,1,1,high,1973.348662020614,none
1783694741.4,1783694741400,dsllama-8b,zm,2018.8790359049544,1290.915,1.5639132211686706,2018.8790359049544,1290.915,1.5639132211686706,5.333333333333333,384.0,387.0,1,1,high,2018.8790359049544,none
1783694741.4,1783694741400,dsqwen-14b,zm,2260.2257891004447,1020.235,2.2153972262277266,2260.2257891004447,1020.235,2.2153972262277266,4.0,328.53333333333336,331.1,1,1,high,2260.2257891004447,none
1783694741.4,1783694741400,dsqwen-7b,zm,2430.330954689831,993.4687597800112,2.4463083823873752,2430.330954689831,993.4687597800112,2.4463083823873752,3.3333333333333335,396.8,399.9,1,1,high,2430.330954689831,none
1783694748.09,1783694748090,dsllama-8b,zm,2071.3782045348735,1290.915,1.6045814050769212,2071.3782045348735,1290.915,1.6045814050769212,5.333333333333333,384.0,387.0,1,1,high,2071.3782045348735,none
1783694748.09,1783694748090,dsqwen-14b,zm,2358.754545842643,1020.235,2.311971796539663,2358.754545842643,1020.235,2.311971796539663,4.0,328.53333333333336,331.1,1,1,high,2358.754545842643,none
1783694748.09,1783694748090,dsqwen-7b,zm,2775.1495464763348,993.4687597800112,2.793393872889219,2775.1495464763348,993.4687597800112,2.793393872889219,3.3333333333333335,396.8,399.9,1,1,high,2775.1495464763348,none
1783694754.977,1783694754977,dsllama-8b,zm,2609.159711624873,1290.915,2.0211708064627594,2609.159711624873,1290.915,2.0211708064627594,0.0,128.0,129.0,1,1,high,2609.159711624873,none
1783694754.977,1783694754977,dsqwen-14b,zm,2776.196089594987,1020.235,2.7211339442334235,2776.196089594987,1020.235,2.7211339442334235,0.0,119.46666666666667,120.4,1,1,high,2776.196089594987,none
1783694754.977,1783694754977,dsqwen-7b,zm,3031.828071693411,993.4687597800112,3.0517598483567454,3031.828071693411,993.4687597800112,3.0517598483567454,0.0,119.46666666666667,120.4,1,1,high,3031.828071693411,none
